date,state,pm2_5,pm10,o3,no2,so2,co
5/1/2020,kerala,34,10,21,1,6,5
5/2/2020,kerala,34, ,16, ,6,5
5/3/2020,kerala,41,16,18,2,8,5
5/4/2020,kerala,63, , , , , 
4/1/2020,kerala,60,49,18,2,6,5
4/2/2020,kerala,73,47,18,3,5,5
4/3/2020,kerala,72,46,17,3,6,5
4/4/2020,kerala,76,39,18,3,6,5
4/5/2020,kerala,63,19,9,2,4,2
4/6/2020,kerala,34,26,14,3,6,4
4/7/2020,kerala,34,27,15,3,6,5
4/8/2020,kerala,40,36,15,1,6,5
4/9/2020,kerala,39,37,14,2,6,5
4/10/2020,kerala,38,43,13,2,6,5
4/11/2020,kerala,48,38,12,1,5,5
4/12/2020,kerala,48,45,13,1,6,6
4/13/2020,kerala,53,42,12,1,6,5
4/14/2020,kerala,49,27,12, ,6,5
4/15/2020,kerala,35,17,12,1,6,5
4/16/2020,kerala,17,17,11,1,6,5
4/17/2020,kerala,21,13,31,1,5,5
4/18/2020,kerala,20,13,9,1,5,4
4/19/2020,kerala,32,16,11,2,6,5
4/20/2020,kerala,39,22,12,2,6,5
4/21/2020,kerala,21,21,13,2,6,5
4/22/2020,kerala,24,26,12,1,6,5
4/23/2020,kerala,31,33,13,1,6,5
4/24/2020,kerala,36,34,10,2,6,5
4/25/2020,kerala,42,43,14,1,6,5
4/26/2020,kerala,46,25,18,2,6,5
4/27/2020,kerala,35,30,16,2,6,5
4/28/2020,kerala,50,26,15,3,6,5
4/29/2020,kerala,46,36,17,2,6,6
4/30/2020,kerala,49,32,18,1,5,5
3/1/2020,kerala,82,46,21,9,7,21
3/2/2020,kerala,77,37,12,6,2,33
3/3/2020,kerala,79,48,17,7,6,32
3/4/2020,kerala,111,48,20,8,7,22
3/5/2020,kerala,113,44,21,7,6,8
3/6/2020,kerala,77,45,16,9,5,8
3/7/2020,kerala,81,44,15,5,7,7
3/8/2020,kerala,84,41,19,6,4,7
3/9/2020,kerala,72,48,18,10,7,8
3/10/2020,kerala,95,43,21,7,6,7
3/11/2020,kerala,83,47,20,8,8,8
3/12/2020,kerala,83,45,24,8,7,7
3/13/2020,kerala,81,49,25,6,7,7
3/14/2020,kerala,107,48,22,4,6,6
3/15/2020,kerala,87,50,22,7,7,7
3/16/2020,kerala,91,54,20,7,7,7
3/17/2020,kerala,115,37,19,7,7,6
3/18/2020,kerala,65,41,20,6,4,7
3/19/2020,kerala,86,45,23,5,6,7
3/20/2020,kerala,77,45,19,5,5,6
3/21/2020,kerala,77,41,18,4,6,5
3/22/2020,kerala,84,40,16,4,6,6
3/23/2020,kerala,69,32,16,3,6,5
3/24/2020,kerala,68,36,15,2,6,5
3/25/2020,kerala,69,38,17,3,6,5
3/26/2020,kerala,80,39,13,2,3,6
3/27/2020,kerala,84,39,19,2,4,5
3/28/2020,kerala,48,38,15,3,6,5
3/29/2020,kerala,51,44,16,3,6,6
3/30/2020,kerala,66,44,18,3,5,5
3/31/2020,kerala,67,45,17,3,5,5
2/1/2020,kerala,118,51,26,8,6,7
2/2/2020,kerala,98,56,25,10,6,9
2/3/2020,kerala,104,46,23,9,7,8
2/4/2020,kerala,100,53,24,8,7,8
2/5/2020,kerala,107,51,27,8,7,7
2/6/2020,kerala,83,48,22,7,7,8
2/7/2020,kerala,101,53,27,8,7,8
2/8/2020,kerala,109,55,34,9,8,9
2/9/2020,kerala,107,97,28,9,8,10
2/10/2020,kerala,163,56,24,11,8,9
2/11/2020,kerala,109,54,25,10,8,9
2/12/2020,kerala,101,56,24,10,7,11
2/13/2020,kerala,114,53,24,8,7,11
2/14/2020,kerala,112,56,22,9,6,12
2/15/2020,kerala,108,66,26,7,7,11
2/16/2020,kerala,134,62,28,9,7,12
2/17/2020,kerala,138,55,29,10,7,10
2/18/2020,kerala,110,54,31,10,8,8
2/19/2020,kerala,101,58,25,12,5,11
2/20/2020,kerala,125,47,21,10,9,10
2/21/2020,kerala,99,56,25,12,5,14
2/22/2020,kerala,121,42,25,9,7,10
2/23/2020,kerala,76,48,19,9,7,13
2/24/2020,kerala,74,47,25,10,7,13
2/25/2020,kerala,88,48,25,9,4,13
2/26/2020,kerala,74,46,25,9,8,15
2/27/2020,kerala,86,56,24,12,7,18
2/28/2020,kerala,97,103,26,10,8,14
2/29/2020,kerala,79,46,25,6,7,15
1/1/2020,kerala,101,52,21,10,4,8
1/2/2020,kerala,102,52,20,11,7,6
1/3/2020,kerala,103,46,29,8,6,8
1/4/2020,kerala,90,39,25,8,6,7
1/5/2020,kerala,84,58,23,13,8,10
1/6/2020,kerala,100,50,22,13,7,10
1/7/2020,kerala,94,33,20,6,6,7
1/8/2020,kerala,65,49,24,11,4,9
1/9/2020,kerala,104,51,19,11,12,9
1/10/2020,kerala,129,47,30,13,7,9
1/11/2020,kerala,102,43,26,9,8,7
1/12/2020,kerala,92,58,30,12,7,8
1/13/2020,kerala,124,65,34,12,7,8
1/14/2020,kerala,125,68,33,11,7,9
1/15/2020,kerala,147,59,30,13,7,8
1/16/2020,kerala,133,55,30,10,4,8
1/17/2020,kerala,119,51,23,11,4,8
1/18/2020,kerala,97,50,21,10,7,8
1/19/2020,kerala,94,48,15,11,6,10
1/20/2020,kerala,96,46,19,10,4,9
1/21/2020,kerala,84,48,22,10,7,8
1/22/2020,kerala,79,46,18,10,7,9
1/23/2020,kerala,93,52,21,9,3,9
1/24/2020,kerala,114,55,23,10,6,9
1/25/2020,kerala,98,47,27,8,4,7
1/26/2020,kerala,90,50,27,9,7,7
1/27/2020,kerala,106,62,29,10,7,8
1/28/2020,kerala,121,67,31,12,7,10
1/29/2020,kerala,155,65,28,9,7,9
1/30/2020,kerala,142,66,34,10,6,9
1/31/2020,kerala,125,57,28,8,6,8
10/1/2019,kerala,40,28,22,1, ,8
10/2/2019,kerala,61,26,21,1, ,8
10/3/2019,kerala,58,28,17,1, ,8
10/4/2019,kerala,54,30,19,1, ,7
10/5/2019,kerala,59,26,22,1, ,6
10/6/2019,kerala,55,21,15,1, ,6
10/7/2019,kerala,39,18,18,1, ,6
10/8/2019,kerala,35,31,17,2, ,8
10/9/2019,kerala,56,30,23,1, ,7
10/10/2019,kerala,60,27,18,1,1,8
10/11/2019,kerala,51,26,10,1, ,8
10/12/2019,kerala,36,20,11,1, ,6
10/13/2019,kerala,43,25,9,1, ,8
10/14/2019,kerala,53,26,9,1, ,9
10/15/2019,kerala,59,30,13,2,1,9
10/16/2019,kerala,67,19,12,1, ,8
10/17/2019,kerala,35,21,11,1, ,8
10/18/2019,kerala,78, ,14,1, ,8
10/19/2019,kerala,52,13,15,1, ,7
10/22/2019,kerala,57,19,14,1, ,8
10/23/2019,kerala,32,28,16,1,1,10
10/24/2019,kerala,70,34,13,1, ,9
10/25/2019,kerala,123,28,14,1, ,7
10/26/2019,kerala,86,35,16,1, ,7
10/27/2019,kerala,86,32,16,1, ,10
10/28/2019,kerala,55,30,16,1, ,9
10/29/2019,kerala,64,10,15,1, ,6
10/30/2019,kerala,17,11,20,1, ,7
10/31/2019,kerala,32,25,17,1,1,9
11/1/2019,kerala,46,34,18,1,2,9
11/2/2019,kerala,76,29,20,1,4,8
11/3/2019,kerala,63,25,22,1,4,8
11/4/2019,kerala,57,44,23,1,5,9
11/5/2019,kerala,96,45,25,1,4,10
11/6/2019,kerala,70,40,20,1,4,8
11/7/2019,kerala,77,42,19,1,4,9
11/8/2019,kerala,75,28,20,1,4,9
11/9/2019,kerala,55,28,19,1,4,9
11/10/2019,kerala,38,35,23,1,4,10
11/11/2019,kerala,63,41,20,2,4,11
11/12/2019,kerala,89,55,23,2,5,16
11/13/2019,kerala,112,48,16,2,4,33
11/14/2019,kerala,87,43,19,1,6,18
11/15/2019,kerala,74,32,14,1,5,38
11/16/2019,kerala,74,25,18,1,6,7
11/17/2019,kerala,51,44,19,2,7,9
11/18/2019,kerala,88,41,15,6,7,9
11/19/2019,kerala,87,39,17,8,7,9
11/20/2019,kerala,86,35,15,9,7,9
11/21/2019,kerala,98,32,19,9,7,10
11/22/2019,kerala,84,43,10,10,7,14
11/23/2019,kerala,111,41,21,8,7,10
11/24/2019,kerala,81,37,19,9,7,11
11/25/2019,kerala,93,42,21,12,7,11
11/26/2019,kerala,73,54,20,11,8,11
11/27/2019,kerala,104,35,19,9,7,10
11/28/2019,kerala,71,44,18,9,8,11
11/29/2019,kerala,87,23,12,9,7,10
11/30/2019,kerala,74,13,13,4,7,7
12/1/2019,kerala,82,27,20,7,7,10
12/2/2019,kerala,86,41,14,11,8,14
12/3/2019,kerala,102,44,17,10,6,13
12/4/2019,kerala,85,50,19,8,7,11
12/5/2019,kerala,106,47,31,8,7,10
12/6/2019,kerala,102,51,25,9,7,12
12/7/2019,kerala,103,34,23,6,7,10
12/8/2019,kerala,77,41,26,11,7,12
12/9/2019,kerala,101,49,27,11,7,12
12/10/2019,kerala,92,48,25,11,7,12
12/11/2019,kerala,90,42,24,10,7,12
12/12/2019,kerala,81,51,25,9,7,12
12/13/2019,kerala,112,37,19,5,8,11
12/14/2019,kerala,59,43,19,10,4,13
12/15/2019,kerala,76,52,25,12,8,14
12/16/2019,kerala,96,43,23,5,6,10
12/17/2019,kerala,85,52,26,14,8,13
12/18/2019,kerala,101,41,21,10,5,12
12/19/2019,kerala,80,46,15,10,7,14
12/20/2019,kerala,89,43,24,11,7,14
12/21/2019,kerala,115,53,30,9,8,13
12/22/2019,kerala,115,56,26,10,7,14
12/23/2019,kerala,119,62,24,13,8,17
12/24/2019,kerala,133,48,26,7,7,13
12/25/2019,kerala,114,35,26,7,7,14
12/26/2019,kerala,63,44,17,11,7,16
12/27/2019,kerala,100,53,22,13,4,15
12/28/2019,kerala,109,59,28,12,7,20
12/29/2019,kerala,124, , , , , 
7/1/2019,kerala,37,40,9,1, ,7
7/2/2019,kerala,41,32,11,1, ,7
7/3/2019,kerala,50,25,16,1, ,5
7/4/2019,kerala,31,34,8,1,1,7
7/5/2019,kerala,51,43,7,1, ,7
7/6/2019,kerala,92,26,9,1, ,4
7/7/2019,kerala,59,24,8,1, ,5
7/8/2019,kerala,35,24,11,1, ,5
7/9/2019,kerala,44,30,13,1, ,6
7/10/2019,kerala,45,41,19,2, ,7
7/11/2019,kerala,72,45,13,2, ,7
7/12/2019,kerala,76,34,11,1, ,5
7/13/2019,kerala,65,25,12,1, ,5
7/14/2019,kerala,44,24,14,1, ,5
7/15/2019,kerala,37,26,15,1, ,5
7/16/2019,kerala,42,27,13,2,1,6
7/17/2019,kerala,35,19,12,1, ,5
7/18/2019,kerala,24,16,13,1,1,4
7/19/2019,kerala,34,19,14,1, ,6
7/20/2019,kerala,32,15,15, , ,3
7/21/2019,kerala,28,19,16,1, ,5
7/22/2019,kerala,33,24,17,1, ,5
7/23/2019,kerala,41,27,16,1, ,6
7/24/2019,kerala,54,35,13,1, ,7
7/25/2019,kerala,59,32,12,2,1,7
7/26/2019,kerala,46,39,13,2, ,8
7/27/2019,kerala,66,40,12,1, ,8
7/28/2019,kerala,56,36,11,1, ,10
7/29/2019,kerala,50,33,9,1, ,14
7/30/2019,kerala,43,28,9,1, ,24
7/31/2019,kerala,46,31,11,1, ,6
8/1/2019,kerala,54,42,11,1, ,6
8/2/2019,kerala,38,39,10,1, ,7
8/3/2019,kerala,50,34,9,1, ,5
8/4/2019,kerala,43,43,10,1, ,6
8/5/2019,kerala,62,31,10,1,1,6
8/6/2019,kerala,48,25,11,1, ,6
8/7/2019,kerala,41,27,16,1,1,6
8/8/2019,kerala,43,21,13,1,1,6
8/9/2019,kerala,35,15,16,1, ,4
8/10/2019,kerala,22,14,16, , ,3
8/11/2019,kerala,23,16,15, , ,4
8/12/2019,kerala,29,19,15,1,1,5
8/13/2019,kerala,36,23,16,1, ,5
8/14/2019,kerala,33,30,18,1,1,5
8/15/2019,kerala,53,26,15,1, ,5
8/16/2019,kerala,41,36,13,2, ,7
8/17/2019,kerala,82,39,15,1, ,6
8/18/2019,kerala,69,36,15,2, ,6
8/19/2019,kerala,82,35,12,1, ,6
8/20/2019,kerala,71,28,9,1, ,6
8/21/2019,kerala,49,21,12,1, ,6
8/22/2019,kerala,33,21,14,1, ,5
8/23/2019,kerala,35,27,15,1, ,5
8/24/2019,kerala,52,19,16,1, ,5
8/25/2019,kerala,39,17,15,1,1,6
8/26/2019,kerala,36,19,16,1, ,6
8/27/2019,kerala,48,21,14,1, ,6
8/28/2019,kerala,105,28,14,1, ,6
8/29/2019,kerala,59,28,15,1, ,6
8/30/2019,kerala,53,35,11,1, ,6
8/31/2019,kerala,50,26,10,1, ,6
9/1/2019,kerala,41,24,9,1, ,7
9/2/2019,kerala,40,25,9,1, ,7
9/3/2019,kerala,53,22,7,1, ,7
9/4/2019,kerala,71,20,6,1, ,7
9/5/2019,kerala,46,18,7,1, ,7
9/6/2019,kerala,53,25,8,1,1,7
9/7/2019,kerala,60,27,11,1, ,7
9/8/2019,kerala,51,28,9,1, ,7
9/9/2019,kerala,52,25,12,1, ,6
9/10/2019,kerala,46,26,10, , ,6
9/11/2019,kerala,49,29,10,1, ,8
9/12/2019,kerala,50,30,15,1, ,6
9/13/2019,kerala,60,28,12,1, ,7
9/14/2019,kerala,54,27,10,1, ,7
9/15/2019,kerala,51,30,12,1, ,7
9/16/2019,kerala,65,32,12,1, ,8
9/17/2019,kerala,63,20,11,1, ,7
9/18/2019,kerala,40,20,10,1, ,8
9/19/2019,kerala,36,30,10,1, ,7
9/20/2019,kerala,63,33,13,1, ,7
9/21/2019,kerala,64,31,12,1, ,7
9/22/2019,kerala,54,19,11,1, ,9
9/23/2019,kerala,56,20,12,1,1,10
9/24/2019,kerala,20,21,13,1, ,9
9/25/2019,kerala,45,23,15,1,1,11
9/26/2019,kerala,52,30,18,2, ,9
9/27/2019,kerala,55,30,21,1, ,9
9/28/2019,kerala,61,26,20,1, ,12
9/29/2019,kerala,58,19,17,1, ,27
9/30/2019,kerala,48,25,14,1, ,14
4/1/2019,kerala,109,64,23,2, ,7
4/2/2019,kerala,119,63,26,2,1,6
4/3/2019,kerala,113,45,27,2, ,7
4/4/2019,kerala,79,40,24,2,3,6
4/5/2019,kerala,65,44,23,2, ,6
4/6/2019,kerala,72,56,28,1, ,5
4/7/2019,kerala,87,58,24,2,1,6
4/8/2019,kerala,87,56,25,1,1,7
4/9/2019,kerala,88,53,28,2,1,8
4/10/2019,kerala,89,49,32,1, ,7
4/11/2019,kerala,82,55,25,2, ,7
4/12/2019,kerala,84,51,26,2, ,7
4/13/2019,kerala,86,52,27,2,1,8
4/14/2019,kerala,87,48,24,2,1,8
4/15/2019,kerala,83,46,21,3, ,9
4/16/2019,kerala,79,48,22,3, ,8
4/17/2019,kerala,84,40,27,2, ,8
4/18/2019,kerala,74,37,24,2, ,8
4/19/2019,kerala,66,30,25,2, ,8
4/20/2019,kerala,28,26,28,2, ,8
4/22/2019,kerala,68,26,31,2, ,6
4/23/2019,kerala,51,36,31,3,1,8
4/24/2019,kerala,68,40,30,2,2,7
4/25/2019,kerala,73,44,29,2,1,8
4/26/2019,kerala,72,51,24,3, ,9
4/27/2019,kerala,77,52,19,2,1,8
4/28/2019,kerala,76,49,25,2,1,8
4/29/2019,kerala,75,43,26,2,1,9
4/30/2019,kerala,69,43,23,1,1,8
5/1/2019,kerala,68,66,19,2,2,9
5/2/2019,kerala,92,74,20,2,1,9
5/3/2019,kerala,98,73,22,2,1,8
5/4/2019,kerala,97,71,22,1,1,7
5/5/2019,kerala,89,78,19,2,1,9
5/6/2019,kerala,101,67,17,1,1,9
5/7/2019,kerala,85,56,17,2,1,8
5/8/2019,kerala,76,55,20,2,1,7
5/9/2019,kerala,72,49,25,2,1,7
5/10/2019,kerala,69,48,21,2, ,7
5/11/2019,kerala,65,44,23,1,1,7
5/12/2019,kerala,62,41,18,1,1,7
5/13/2019,kerala,56,40,17,1, ,8
5/14/2019,kerala,57,41,17,2,1,11
5/15/2019,kerala,57,51,24,1,2,22
5/16/2019,kerala,67,54,17,2,2,29
5/17/2019,kerala,70, , , , , 
5/20/2019,kerala,86,59,20,2,2,6
5/21/2019,kerala,91,55,18,2,2,6
5/22/2019,kerala,82,46,14,1,2,6
5/23/2019,kerala,67,28,14,2,2,4
5/24/2019,kerala,55,27,23,5,1,5
5/25/2019,kerala,39,31,19,1, ,4
5/26/2019,kerala,49,46,16,2, ,4
5/27/2019,kerala,61,61,15,1,1,4
5/28/2019,kerala,86,60,22,1,1,5
5/29/2019,kerala,84,60,21,2, ,6
5/30/2019,kerala,78,43,16,1, ,5
5/31/2019,kerala,66,48,15,1,1,5
6/1/2019,kerala,71,32,9,1, ,4
6/2/2019,kerala,48,34,16,2, ,6
6/3/2019,kerala,43,27,16,1, ,5
6/4/2019,kerala,38,25,19,1, ,5
6/5/2019,kerala,42,40,14,2,1,6
6/6/2019,kerala,65,30,14,1, ,6
6/7/2019,kerala,50,23,16,1, ,6
6/8/2019,kerala,27,22,14,1,1,5
6/9/2019,kerala,32,21,17,1,1,4
6/10/2019,kerala,38, , , , , 
6/18/2019,kerala,43,43,8, , ,1
6/19/2019,kerala,41,21,13, ,1,5
6/20/2019,kerala,26, ,8, ,1,4
6/25/2019,kerala,85,49,8, ,1,5
6/26/2019,kerala,92,45,8,1, ,5
6/27/2019,kerala,50,41,9,1, ,5
6/28/2019,kerala,51,42,9,1,1,6
6/29/2019,kerala,59,36,9,1,1,5
6/30/2019,kerala,37,33,9,1, ,6
1/1/2019,kerala,139,72,50,4,6,4
1/2/2019,kerala,140,69,54,3,10,2
1/3/2019,kerala,134,63,48,5,11,3
1/4/2019,kerala,113,65,43,5,15,3
1/5/2019,kerala,115,62,43,3,15, 
1/6/2019,kerala,121,68,42,4,13,4
1/7/2019,kerala,136,69,44,3,10,3
1/8/2019,kerala,135,75,49,3,11,3
1/9/2019,kerala,145,69,52,4,9,1
1/10/2019,kerala,138,72,54,3,18, 
1/11/2019,kerala,153,74,41,3,7, 
1/12/2019,kerala,156,70,45,2,12, 
1/13/2019,kerala,146,78,44,4,11, 
1/14/2019,kerala,157,75,44,3,9,1
1/15/2019,kerala,156,81,56,4,11, 
1/16/2019,kerala,159,71,51,4,8, 
1/17/2019,kerala,147,82,46,6,7,3
1/18/2019,kerala,161,79,50,4,11,1
1/19/2019,kerala,160,83,50,5,10,9
1/20/2019,kerala,165,80,28,7,6,10
1/21/2019,kerala,161,70,43,6,5,8
1/22/2019,kerala,136,77,55,5,3,7
1/23/2019,kerala,156,77,45,5,4,8
1/24/2019,kerala,156,68,41,4,3,8
1/25/2019,kerala,142,63,37,3,2,7
1/26/2019,kerala,135,58,37,2,1,5
1/27/2019,kerala,112,58,38,3,2,6
1/28/2019,kerala,114,52,38,3,2,6
1/29/2019,kerala,99,55,40,3,2,6
1/30/2019,kerala,109,54,49,3,4,6
1/31/2019,kerala,110,58,46,3,4,6
2/1/2019,kerala,110,62,42,4,3,7
2/2/2019,kerala,127,54,39,3,2,6
2/3/2019,kerala,109,60,34,5,3,8
2/4/2019,kerala,120,57,33,5,2,8
2/5/2019,kerala,116,49,36,3,1,7
2/6/2019,kerala,106,59,38,3,4,6
2/7/2019,kerala,122,65,44,4,3,8
2/8/2019,kerala,144,64,34,3,2,7
2/9/2019,kerala,135,51,26,4,8,7
2/10/2019,kerala,104,51,28,4,2,7
2/11/2019,kerala,96,54,32,5,1,7
2/12/2019,kerala,102,59,40,5,1,7
2/13/2019,kerala,108,64,36,4,2,7
2/14/2019,kerala,122,62,40,3,3,7
2/15/2019,kerala,124,54,39,3,4,6
2/16/2019,kerala,103,55,31,2,1,6
2/17/2019,kerala,95,53,32,3,1,6
2/18/2019,kerala,92,50,25,2,1,6
2/19/2019,kerala,84,55,31,2,3,6
2/20/2019,kerala,102,45,32,2,3,5
2/21/2019,kerala,72,47,31,3,2,6
2/22/2019,kerala,76,51,40,3,1,5
2/23/2019,kerala,86,50,42,2,1,5
2/24/2019,kerala,84,56,40,3,2,6
2/25/2019,kerala,105,57,36,2,1,5
2/26/2019,kerala,114,56,32,2,1,5
2/27/2019,kerala,97,60,34,2,1,6
2/28/2019,kerala,91,67,34,2,2,5
3/1/2019,kerala,92,57,34,3,1,6
3/2/2019,kerala,89,53,38,2,1,5
3/3/2019,kerala,100,57,34,2,2,6
3/4/2019,kerala,122,51,32,2, ,5
3/5/2019,kerala,70,55,26,2,1,5
3/6/2019,kerala,65,112,30,2,3,5
3/7/2019,kerala,145,86,24,2,2,6
3/8/2019,kerala,111,65,31,2, ,5
3/9/2019,kerala,88,51,34,2,2,5
3/10/2019,kerala,80,58,32,2,4,6
3/11/2019,kerala,88,59,41,2,2,5
3/12/2019,kerala,104,71,46,3,2,7
3/13/2019,kerala,131,66,43,2,1,6
3/14/2019,kerala,115,65,45,4,2,7
3/15/2019,kerala,111,67,38,3,2,7
3/16/2019,kerala,121,66,39,2,2,7
3/17/2019,kerala,123,59,36,2,3,7
3/18/2019,kerala,100,55,30,3,3,8
3/19/2019,kerala,96,53,27,3,3,8
3/20/2019,kerala,92,51,33,3,3,7
3/21/2019,kerala,90,52,39,3,2,7
3/22/2019,kerala,94,55,33,2,1,7
3/23/2019,kerala,93,51,35,1,1,6
3/24/2019,kerala,85,55,32,2,1,7
3/25/2019,kerala,94,55,31,2,1,6
3/26/2019,kerala,90,56,37,2,1,5
3/27/2019,kerala,86,60,25,2,1,7
3/28/2019,kerala,101,60,29,2,1,6
3/29/2019,kerala,97,65,26,2, ,7
3/30/2019,kerala,99,63,25,1, ,6
3/31/2019,kerala,106,62,23,1, ,7
10/1/2018,kerala,74,28,15,3,2,8
10/2/2018,kerala,60,33,14,4,2,10
10/3/2018,kerala,69,23,12,4,2,7
10/4/2018,kerala,42,38,3,9,2,8
10/5/2018,kerala,72,43,4,4,2,10
10/6/2018,kerala,85,23,4,2,2,9
10/7/2018,kerala,47,23,4,3,2,8
10/8/2018,kerala,46,23,5,4,2,9
10/9/2018,kerala,56,33,5,4,3,9
10/10/2018,kerala,57,42,4,4,2,9
10/11/2018,kerala,100,56,5,4,3,9
10/12/2018,kerala,107,54,4,2,2,8
10/13/2018,kerala,104,46,3,2,3,8
10/14/2018,kerala,89,47,2,2,3,9
10/15/2018,kerala,92,32,3,2,2,9
10/16/2018,kerala,61,25,5,3,2,8
10/17/2018,kerala,44,26,4,2,2,7
10/18/2018,kerala,53,26,4,1,3,8
10/19/2018,kerala,46,26,3,2,2,9
10/20/2018,kerala,51,22,3,1,2,7
10/21/2018,kerala,45,28,3,3,3,8
10/22/2018,kerala,66,30,3,2,2,7
10/23/2018,kerala,62,47,3,4,2,11
10/24/2018,kerala,89,55,4,3,2,11
10/25/2018,kerala,113,70,8,3,3,13
10/26/2018,kerala,132,81,11,4,3,13
10/27/2018,kerala,152,71,6,2,3,10
10/28/2018,kerala,143,64,5,2,2,10
10/29/2018,kerala,130,68,13,2,2,11
10/30/2018,kerala,136,64,10,2,3,10
10/31/2018,kerala,126,54,2,3,2,10
11/1/2018,kerala,108,60,7,5,2,13
11/2/2018,kerala,115,23,32,3,2,9
11/3/2018,kerala,42, , , , , 
11/5/2018,kerala,162,61,35,2,3,10
11/6/2018,kerala,120,52,37,6,4,12
11/7/2018,kerala,110,58,41,6,4,15
11/8/2018,kerala,125,52,35,3,3,13
11/9/2018,kerala,113,46,34,2,6,12
11/10/2018,kerala,98,47,39,1,2,10
11/11/2018,kerala,102,53,44,2,8,10
11/12/2018,kerala,122,50,43,2,2,10
11/13/2018,kerala,115,66,47,3,2,11
11/14/2018,kerala,148,75,42,2,3,12
11/15/2018,kerala,159,59,42,2,2,9
11/16/2018,kerala,138,60,43,3,2,11
11/17/2018,kerala,127,54,35,1,3,11
11/18/2018,kerala,123,42,33,2,7,11
11/19/2018,kerala,95,31,34,2,3,11
11/20/2018,kerala,64,32,35,3,2,10
11/21/2018,kerala,69,43,37,2,3,11
11/22/2018,kerala,91,44,37,2,6,10
11/23/2018,kerala,92,34,31,3,3,11
11/24/2018,kerala,66,38,37,1,2,10
11/25/2018,kerala,84,64,41,3,8,13
11/26/2018,kerala,137,77,37,5,4,14
11/27/2018,kerala,158,79,61,3,8,14
11/28/2018,kerala,162,69,31,5,7,16
11/29/2018,kerala,149,46,27,3,5,16
11/30/2018,kerala,99,56,24,4,8,17
12/1/2018,kerala,146,58,27,3,7,14
12/3/2018,kerala,115,67,28,3,3,18
12/4/2018,kerala,146,58,12,2,2,15
12/5/2018,kerala,138,63,9,8,4,19
12/6/2018,kerala,140,47,24,2,2,16
12/7/2018,kerala,106,41,26,3,11,16
12/8/2018,kerala,85,64,28,3,3,17
12/9/2018,kerala,141,80,32,4,1,18
12/10/2018,kerala,161,78,30,1,2,18
12/11/2018,kerala,165, , , , , 
12/15/2018,kerala,145,68,31,3,6,21
12/16/2018,kerala,152,65,29,6,5,18
12/17/2018,kerala,128,78,38,6,5,21
12/18/2018,kerala,161,81,39,3,12,26
12/19/2018,kerala,163,74,42,4,8,22
12/20/2018,kerala,156,74,40,3,12,25
12/21/2018,kerala,157,76,36,4,12,26
12/22/2018,kerala,154,47,28,2,8,22
12/23/2018,kerala,99,51,21,4,9,26
12/24/2018,kerala,110,44,29,2,4,23
12/25/2018,kerala,97,57,30,3,5,21
12/26/2018,kerala,125,63,41,3,8,25
12/27/2018,kerala,135,62,35,2,17,43
12/28/2018,kerala,130,65,36,3,9,50
12/29/2018,kerala,129,64,41,3,7,49
12/30/2018,kerala,128, , , , , 
7/1/2018,kerala,60,32,16,4,2,6
7/2/2018,kerala,65,37,14,4,3,7
7/3/2018,kerala,72,38,14,3,3,8
7/4/2018,kerala,61,37,14,3,2,7
7/5/2018,kerala,64,41,16,3,3,6
7/6/2018,kerala,63,40,14,3,2,6
7/7/2018,kerala,57,33,13,3,3,6
7/8/2018,kerala,31,27,14,4,3,7
7/9/2018,kerala,58,25,13,6,3,7
7/10/2018,kerala,42,34,14,5,3,7
7/11/2018,kerala,61,35,13,4,2,7
7/12/2018,kerala,56,42,12,6,2,8
7/13/2018,kerala,61,34,12,3,3,6
7/14/2018,kerala,48,19,13,3,3,5
7/15/2018,kerala,38,24,13,2,1,5
7/16/2018,kerala,43,25,15,2,2,5
7/17/2018,kerala,43,36,15,3,3,6
7/18/2018,kerala,54,31,16,4,3,7
7/19/2018,kerala,49,41,16,4,3,6
7/20/2018,kerala,52,51,16,3,2,7
7/21/2018,kerala,61,50,15,2,2,6
7/23/2018,kerala,63,39,13,2,2,7
7/24/2018,kerala,51,31,14,3,3,6
7/25/2018,kerala,47,37,12,4,3,6
7/26/2018,kerala,55,40,14,3,3,8
7/27/2018,kerala,57,48,14,3,2,8
7/28/2018,kerala,64,45,15,2,2,7
7/29/2018,kerala,61,34,13,2,2,8
7/30/2018,kerala,50,23,14,5,2,9
7/31/2018,kerala,48,36,11,7,2,9
8/1/2018,kerala,53,33,15,4,2,8
8/2/2018,kerala,53,33,13,3,2,8
8/3/2018,kerala,62,39,13,3,3,9
8/4/2018,kerala,65,31,14,2,2,9
8/5/2018,kerala,44,26,13,2,2,8
8/6/2018,kerala,35,27,15,2,3,9
8/7/2018,kerala,37,23,13,3,3,10
8/8/2018,kerala,43,36,13,3,2,10
8/9/2018,kerala,35,25,13,1,2,9
8/10/2018,kerala,37,28,15,1,3,10
8/11/2018,kerala,45,28,14,2,2,10
8/12/2018,kerala,44,29,13,3,2,12
8/13/2018,kerala,41,26,14,2,2,11
8/14/2018,kerala,29,16,10,1,2,6
8/15/2018,kerala,25,30,15,3,2,12
8/16/2018,kerala,50,26,13,3,2,10
8/17/2018,kerala,28,25,15,3,2,11
8/18/2018,kerala,41,28,15,2,2,12
8/19/2018,kerala,39,36,14,2,2,15
8/20/2018,kerala,43,39,13,3,3,15
8/21/2018,kerala,46,41,16,2,2,10
8/22/2018,kerala,57,39,16,2,3,9
8/23/2018,kerala,48,43,19,2,3,10
8/24/2018,kerala,64,39,18,2,2,15
8/25/2018,kerala,58,36,18,2,2,22
8/26/2018,kerala,58,34,18,2,3,24
8/27/2018,kerala,57,23,17,1,2,19
8/28/2018,kerala,38,30,18,2,3,7
8/29/2018,kerala,40,37,17,2,3,5
8/30/2018,kerala,66,40,14,2,3,7
8/31/2018,kerala,57,49,17,3,2,7
9/1/2018,kerala,74,46,18,2,3,6
9/2/2018,kerala,65,45,18,2,3,7
9/3/2018,kerala,68,45,21,2,2,7
9/4/2018,kerala,67,48,19,2,2,7
9/5/2018,kerala,71,46,18,3,3,7
9/6/2018,kerala,58,41,16,3,3,8
9/7/2018,kerala,62,39,19,2,2,7
9/8/2018,kerala,60, , , , , 
9/10/2018,kerala,64,52,23,3,2,6
9/11/2018,kerala,73,55,26,3,2,7
9/12/2018,kerala,77,56,21,3,3,7
9/13/2018,kerala,79,58,22,4,3,8
9/14/2018,kerala,84,54,23,3,3,6
9/15/2018,kerala,86,39,21,3,3,7
9/16/2018,kerala,65,40,17,3,3,7
9/17/2018,kerala,63,32,14,3,3,7
9/18/2018,kerala,48,34,15,3,2,7
9/19/2018,kerala,55,29,17,2,2,7
9/20/2018,kerala,50,48,19,3,2,7
9/21/2018,kerala,64,49,17,3,2,7
9/22/2018,kerala,69,28,16,2,2,6
9/23/2018,kerala,52,26,18,3,2,7
9/24/2018,kerala,56,41,21,4,2,8
9/25/2018,kerala,76,41,20,2,3,7
9/26/2018,kerala,73,36,27,3,2,8
9/27/2018,kerala,71,41,19,3,2,8
9/28/2018,kerala,80,24,21,3,2,8
9/29/2018,kerala,52,32,19,3,2,8
9/30/2018,kerala,71,39,17,4,2,10
4/1/2018,kerala,89,55,32,4,4,7
4/2/2018,kerala,92,58,34,5,3,8
4/3/2018,kerala,101,53,29,6,4,9
4/4/2018,kerala,96,63,24,5,4,9
4/5/2018,kerala,125,60,33,6,6,9
4/6/2018,kerala,105,61,42,5,4,8
4/7/2018,kerala,126,44,41,4,3,7
4/8/2018,kerala,87,38,173,4,2,8
4/9/2018,kerala,70,34,20,5,3,9
4/10/2018,kerala,59,37,72,4,5,8
4/11/2018,kerala,69,32,73,5,6,8
4/12/2018,kerala,68,30,25,7,5,10
4/13/2018,kerala,63,25,28,5,7,7
4/14/2018,kerala,42,31,27,6,2,7
4/15/2018,kerala,67,33,29,7,6,8
4/16/2018,kerala,67,36,18,7,3,8
4/17/2018,kerala,73,50,20,9,3,10
4/18/2018,kerala,95,41,20,7,3,8
4/19/2018,kerala,73,33,17,6,2,9
4/20/2018,kerala,55,47,24,6,3,8
4/21/2018,kerala,80,49,21,5,3,7
4/22/2018,kerala,86,51,27,6,3,8
4/23/2018,kerala,82,51,21,4,3,7
4/24/2018,kerala,70,45,23,5,2,7
4/25/2018,kerala,76,56,24,5,3,7
4/26/2018,kerala,86,58,26,6,3,8
4/27/2018,kerala,101,56,22,6,3,10
4/28/2018,kerala,102,60,26,5,3,9
4/29/2018,kerala,122,51,22,5,3,7
4/30/2018,kerala,87,47,22,4,3,7
5/1/2018,kerala,75,49,22,4,2,7
5/2/2018,kerala,112,46,26,6,2,8
5/3/2018,kerala,73,48,31,4,3,8
5/4/2018,kerala,85,41,36,4,3,8
5/5/2018,kerala,79,28,22,4,2,7
5/6/2018,kerala,60,27,20,5,3,8
5/7/2018,kerala,59,25,17,4,2,8
5/8/2018,kerala,52,40,19,6,3,9
5/9/2018,kerala,77,29,16,5,3,8
5/10/2018,kerala,48,26,16,4,3,8
5/11/2018,kerala,45,20,14,4,3,7
5/12/2018,kerala,38,21,20,4,3,7
5/13/2018,kerala,38,22,22,5,3,6
5/14/2018,kerala,40,40,25,6,3,9
5/15/2018,kerala,81,44,23,4,3,8
5/16/2018,kerala,86,30,21,4,2,8
5/17/2018,kerala,70,21,15,3,2,8
5/18/2018,kerala,31,28,16,3,2,8
5/19/2018,kerala,48,23,14,1,2,7
5/20/2018,kerala,40,32,20,2,2,8
5/21/2018,kerala,57,39,24,5,3,8
5/22/2018,kerala,64,40,23,5,3,7
5/23/2018,kerala,71,53,20,5,3,8
5/24/2018,kerala,80,18,18,8,2,6
5/25/2018,kerala,48,38,28,7,2,8
5/26/2018,kerala,72,24,28,3,2,6
5/27/2018,kerala,42,35,27,3,2,9
5/28/2018,kerala,49,37,22,3,2,8
5/29/2018,kerala,51,29,19,5,2,7
5/30/2018,kerala,52,38,15,6,2,8
5/31/2018,kerala,63,33,14,7,3,8
6/1/2018,kerala,62,25,14,7,2,7
6/2/2018,kerala,54,21,14,6,2,6
6/3/2018,kerala,46,27,14,8,2,8
6/4/2018,kerala,54,33,12,11,3,10
6/5/2018,kerala,58,31,13,6,3,7
6/6/2018,kerala,59,26,9,8,3,6
6/7/2018,kerala,55,39,13,4,2,8
6/8/2018,kerala,48,37,14,1,3,5
6/9/2018,kerala,42,33,10, ,2,5
6/10/2018,kerala,26,39,12,2,2,7
6/11/2018,kerala,49,47,11,4,3,7
6/12/2018,kerala,49,36,13,5,2,7
6/13/2018,kerala,49,26,13,4,2,6
6/14/2018,kerala,48,28,14,4,2,7
6/15/2018,kerala,49,26,13,6,3,6
6/16/2018,kerala,46,29,8,5,2,6
6/17/2018,kerala,45,35,10,6,2,8
6/18/2018,kerala,48,53,10,5,3,8
6/19/2018,kerala,58,42,13,4,2,6
6/20/2018,kerala,55,39,13,5,3,6
6/21/2018,kerala,68,40,16,6,2,8
6/22/2018,kerala,65,40,13,6,2,6
6/23/2018,kerala,60,23,14,4,2,6
6/24/2018,kerala,54,38,12,4,2,5
6/25/2018,kerala,49,36,12,2,2,8
6/26/2018,kerala,56,35,11,1,2,7
6/27/2018,kerala,50,32,13,2,3,6
6/28/2018,kerala,52,35,13,3,2,7
6/29/2018,kerala,61,33,17,4,2,7
6/30/2018,kerala,54,31,17,3,3,6
1/1/2018,kerala,149,69,35,3,1,12
1/2/2018,kerala,153,64,36,5,3,12
1/3/2018,kerala,147,70,30,8,2,12
1/4/2018,kerala,153,85,25,7,4,12
1/5/2018,kerala,164,84,30,7,4,12
1/6/2018,kerala,166,77,29,5,3,11
1/7/2018,kerala,163,72,27,8,3,15
1/8/2018,kerala,158,83,27,9,3,14
1/9/2018,kerala,166,81,28,7,4,14
1/10/2018,kerala,167,60,24,8,2,14
1/11/2018,kerala,134,61,99,7,2,14
1/12/2018,kerala,141,57,16,6,2,14
1/13/2018,kerala,129,49,86,5,2,11
1/14/2018,kerala,115,61,36,7,3,14
1/15/2018,kerala,132,72,17,8,3,14
1/16/2018,kerala,157,81,41,8,4,14
1/17/2018,kerala,166,76,45,7,2,14
1/18/2018,kerala,160,75,31,7,4,13
1/19/2018,kerala,158,82,38,9,4,13
1/20/2018,kerala,165,87,40,6,4,14
1/21/2018,kerala,173,83,41,8,2,16
1/22/2018,kerala,167,85,36,8,3,15
1/23/2018,kerala,168,81,57,6,3,11
1/24/2018,kerala,165,67,27,6,3,9
1/25/2018,kerala,146,68,55,6,4,8
1/26/2018,kerala,146,75,36,6,4,8
1/27/2018,kerala,153,60,28,7,3,8
1/28/2018,kerala,134,75,38,8,3,11
1/29/2018,kerala,159,73,39,6,2,9
1/30/2018,kerala,153,80,45,7,4,10
1/31/2018,kerala,155,82,31,4,3,11
2/1/2018,kerala,163,76,49,14,3,10
2/2/2018,kerala,157,72,54,8,4,9
2/3/2018,kerala,143,73,53,6,4,8
2/4/2018,kerala,148,71,44,6,4,8
2/5/2018,kerala,146,69,39,5,3,8
2/6/2018,kerala,136,60,35,5,2,9
2/7/2018,kerala,118,45,29,7,3,8
2/8/2018,kerala,98,54,40,8,3,9
2/9/2018,kerala,119,57,36,6,2,9
2/10/2018,kerala,124,59,28,10,2,8
2/11/2018,kerala,120,59,23,8,15,9
2/12/2018,kerala,120,67,31,9,3,9
2/13/2018,kerala,143,72,40,8,3,8
2/14/2018,kerala,152,68,39,10,2,10
2/15/2018,kerala,118,60,42,10,2,9
2/16/2018,kerala,126,66,35,9,3,10
2/17/2018,kerala,138,66,52,7,3,8
2/18/2018,kerala,142,70,54,9,3,9
2/19/2018,kerala,151,71,44,10,4,10
2/20/2018,kerala,145,76,45,10,3,10
2/21/2018,kerala,145,68,46,9,4,7
2/22/2018,kerala,128,70,44,9,4,8
2/23/2018,kerala,118,70,43,9,4,9
2/24/2018,kerala,134, , , , , 
2/26/2018,kerala,80,60,40,8,4,8
2/27/2018,kerala,111,56,40,8,4,8
2/28/2018,kerala,98,58,32,7,3,9
3/1/2018,kerala,87,59,34,7,4,10
3/2/2018,kerala,112,61,45,6,5,9
3/3/2018,kerala,118,70,50,6,4,8
3/4/2018,kerala,150,72,43,7,4,9
3/5/2018,kerala,131,72,41,6,4,9
3/6/2018,kerala,144,70,40,7,4,10
3/7/2018,kerala,145,71,38,8,3,10
3/8/2018,kerala,143,69,30,6,4,10
3/9/2018,kerala,150,67,45,6,4,9
3/10/2018,kerala,139, , , , , 
3/12/2018,kerala,105,41,25,7,2,11
3/13/2018,kerala,89,36,28,6,3,9
3/14/2018,kerala,71,28,25,4,2,7
3/15/2018,kerala,52,32,26,4,2,9
3/16/2018,kerala,65,37,30,5,3,8
3/17/2018,kerala,72,43,29,6,2,9
3/18/2018,kerala,91,39,25,6,3,10
3/19/2018,kerala,77,56,34,8,3,11
3/20/2018,kerala,118,57,32,6,3,10
3/21/2018,kerala,119,50,21,4,3,10
3/22/2018,kerala,92,61,30,5,2,10
3/23/2018,kerala,96,65,27,6,2,8
3/24/2018,kerala,96,66,37,6,2,11
3/25/2018,kerala,120,63,34,8,3,11
3/26/2018,kerala,130,60,38,7,2,13
3/27/2018,kerala,122,39,26,7,5,18
3/28/2018,kerala,79,53,30,7,3,12
3/29/2018,kerala,104,62,34,4,2,25
3/30/2018,kerala,118,61,32,5,3,29
3/31/2018,kerala,113,56,24,4,4,7
11/13/2017,kerala,145,61,3,6,2,11
11/14/2017,kerala,135,62,3,5,2,11
11/15/2017,kerala,144,54,3,6,2,10
11/16/2017,kerala,118,65,3,6,3,11
11/17/2017,kerala,148,64,3,5,1,12
11/18/2017,kerala,144,52,3,3,1,10
11/19/2017,kerala,112,45,3,4,2,10
11/20/2017,kerala,85,26,3,4,2,9
11/21/2017,kerala,55,35,3,5,1,11
11/22/2017,kerala,78,50,3,6,2,12
11/23/2017,kerala,111,65,3,5,2,11
11/24/2017,kerala,142,84,3,7,2,14
11/25/2017,kerala,170,78,3,5,2,12
11/26/2017,kerala,164,43,3,6,2,11
11/27/2017,kerala,106,39,3,5,1,12
11/28/2017,kerala,87,43,3,4,1,11
11/29/2017,kerala,94,10,3,1,1,8
11/30/2017,kerala,17,14,3,3,1,8
12/1/2017,kerala,39,24, ,3,2,9
12/2/2017,kerala,34,31, ,4,2,10
12/7/2017,kerala,122,53,3,2,1,12
12/8/2017,kerala,122,41,3,2,2,10
12/9/2017,kerala,94,58,3,2,2,11
12/10/2017,kerala,137,73,3,2,2,11
12/11/2017,kerala,155,67,3,2,1,12
12/12/2017,kerala,152,49,3,2,1,11
12/13/2017,kerala,114,52,3,3,2,12
12/14/2017,kerala,114,68,3,3,2,14
12/15/2017,kerala,153,52,6,3,1,11
12/16/2017,kerala,115,56,3,3,1,11
12/17/2017,kerala,126,56,4,2,2,11
12/18/2017,kerala,123,59,11,2,2,11
12/19/2017,kerala,128,41,12,2,2,10
12/20/2017,kerala,89,51,19,2,2,11
12/21/2017,kerala,115,38,26,2,1,10
12/22/2017,kerala,84,53,26,2,2,12
12/23/2017,kerala,116,45,29,2,2,9
12/24/2017,kerala,98,55,28,1,1,9
12/25/2017,kerala,129,64,31,3,1,11
12/26/2017,kerala,146,67,32,4,2,12
12/27/2017,kerala,152,75,30,4,2,12
12/28/2017,kerala,161,67,23,5,1,11
12/29/2017,kerala,144,75,34,5,2,13
12/30/2017,kerala,154,97,32,6,2,16
12/31/2017,kerala,179,64,33,4,1,11
12/31/2019,kerala, ,54,27,10,7,12
10/20/2019,kerala, ,15,13,1, ,7
10/21/2019,kerala, ,20,16,1, ,7
4/21/2019,kerala, ,37,27,2, ,8
5/19/2019,kerala, ,52,18,3,1,7
6/17/2019,kerala, ,48,6,1,2, 
6/24/2019,kerala, ,50,7, , ,5
12/31/2018,kerala, ,72,49,4,6,51
11/4/2018,kerala, ,91,13,8,7,14
12/2/2018,kerala, ,57,34,3,5,15
12/14/2018,kerala, ,67,28,3,6,21
7/22/2018,kerala, ,53,14,2,3,7
9/9/2018,kerala, ,45,17,2,4,4
2/25/2018,kerala, ,53,27,8,4,9
3/11/2018,kerala, ,60,21,8,4,11
11/12/2017,kerala, ,65,3,7,2,13
12/3/2017,kerala, ,50,3,3,2,12
12/6/2017,kerala, ,56,3,5,2,13
6/21/2019,kerala, , ,6, , ,7
6/22/2019,kerala, , ,8, ,1,4
6/23/2019,kerala, , ,7, ,1,6
