date,state,pm2_5,pm10,o3,no2,co2
5/1/2020,maharashtra,64,57,48,36,59
5/2/2020,maharashtra,59,62,38,14,53
5/3/2020,maharashtra,60,NA,30,17,60
4/1/2020,maharashtra,48,47,43,19,53
4/2/2020,maharashtra,51,60,45,19,53
4/3/2020,maharashtra,61,63,44,17,66
4/4/2020,maharashtra,65,71,45,17,58
4/5/2020,maharashtra,72,61,41,16,59
4/6/2020,maharashtra,63,61,37,16,57
4/7/2020,maharashtra,66,58,30,16,46
4/8/2020,maharashtra,62,60,33,17,50
4/9/2020,maharashtra,62,68,40,17,58
4/10/2020,maharashtra,72,78,44,17,57
4/11/2020,maharashtra,82,57,41,17,56
4/12/2020,maharashtra,60,58,41,17,60
4/13/2020,maharashtra,62,63,36,17,59
4/14/2020,maharashtra,68,64,42,17,69
4/15/2020,maharashtra,73,53,39,16,57
4/16/2020,maharashtra,60,53,44,16,67
4/17/2020,maharashtra,61,52,46,16,65
4/18/2020,maharashtra,59,53,44,18,62
4/19/2020,maharashtra,58,54,44,27,62
4/20/2020,maharashtra,59,54,44,27,62
4/21/2020,maharashtra,59,54,44,27,62
4/22/2020,maharashtra,59,54,44,27,62
4/23/2020,maharashtra,59,54,44,27,62
4/24/2020,maharashtra,59,54,44,27,62
4/25/2020,maharashtra,59,54,44,27,62
4/26/2020,maharashtra,59,54, , , 
4/27/2020,maharashtra,59, , , , 
3/1/2020,maharashtra,106,98,47,35,39
3/2/2020,maharashtra,95,85,34,31,39
3/3/2020,maharashtra,83,84,42,27,37
3/4/2020,maharashtra,82,100,47,27,46
3/5/2020,maharashtra,99,85,36,23,52
3/6/2020,maharashtra,84,70,30,21,51
3/7/2020,maharashtra,71,90,41,28,57
3/8/2020,maharashtra,90,96,37,31,55
3/9/2020,maharashtra,96,83,35,28,55
3/10/2020,maharashtra,83,52,35,18,74
3/11/2020,maharashtra,55,48,44,22,66
3/12/2020,maharashtra,51,55,44,24,57
3/13/2020,maharashtra,58,86,46,32,57
3/14/2020,maharashtra,87,117,54,37,56
3/15/2020,maharashtra,144,106,51,42,60
3/16/2020,maharashtra,115,96,65,42,53
3/17/2020,maharashtra,96,98,52,40,59
3/18/2020,maharashtra,97,82,44,24,63
3/19/2020,maharashtra,83,74,38,26,58
3/20/2020,maharashtra,75,80,38,22,58
3/21/2020,maharashtra,81,71,41,23,56
3/22/2020,maharashtra,72,57,48,19,60
3/23/2020,maharashtra,59,72,51,20,68
3/24/2020,maharashtra,73,68,50,19,64
3/25/2020,maharashtra,69,36,42,19,65
3/26/2020,maharashtra,39,41,44,20,64
3/27/2020,maharashtra,44,53,43,21,58
3/28/2020,maharashtra,55,55,47,22,62
3/29/2020,maharashtra,57,66,47,21,56
3/30/2020,maharashtra,65,56,54,18,62
3/31/2020,maharashtra,56,45,49,20,57
2/1/2020,maharashtra,184,106,43,43,48
2/2/2020,maharashtra,119,89,39,32,35
2/3/2020,maharashtra,86,86,37,27,32
2/4/2020,maharashtra,84,105,48,34,34
2/5/2020,maharashtra,117,114,43,38,35
2/6/2020,maharashtra,129,107,43,36,32
2/7/2020,maharashtra,112,108,39,36,34
2/8/2020,maharashtra,113,104,30,43,36
2/9/2020,maharashtra,109,82,20,44,33
2/10/2020,maharashtra,80,75,18,44,34
2/11/2020,maharashtra,73,100,22,35,53
2/12/2020,maharashtra,103,115,25,33,33
2/13/2020,maharashtra,134,124,42,43,35
2/14/2020,maharashtra,159,112,47,50,35
2/15/2020,maharashtra,126,118,42,52,37
2/16/2020,maharashtra,143,124,33,63,34
2/17/2020,maharashtra,162,141,41,63,35
2/18/2020,maharashtra,208,127,38,62,36
2/19/2020,maharashtra,168,127,49,58,38
2/20/2020,maharashtra,169,119,53,43,36
2/21/2020,maharashtra,144,108,46,49,38
2/22/2020,maharashtra,114,112,55,51,38
2/23/2020,maharashtra,126,109,49,45,36
2/24/2020,maharashtra,117,110,39,47,35
2/25/2020,maharashtra,120,102,29,46,37
2/26/2020,maharashtra,102,126,36,36,38
2/27/2020,maharashtra,169,124,47,52,39
2/28/2020,maharashtra,163,115,51,47,42
2/29/2020,maharashtra,137,104,54,40,37
1/1/2020,maharashtra,133,108,38,33,36
1/2/2020,maharashtra,113,101,42,29,36
1/3/2020,maharashtra,99,118,40,33,34
1/4/2020,maharashtra,144,115,31,30,36
1/5/2020,maharashtra,135,95,33,26,39
1/6/2020,maharashtra,92,123,39,24,35
1/7/2020,maharashtra,161,102,41,24,36
1/8/2020,maharashtra,117,84,42,25,45
1/9/2020,maharashtra,82,91,30,38,51
1/10/2020,maharashtra,90,110,34,28,32
1/11/2020,maharashtra,121,134,39,28,33
1/12/2020,maharashtra,187,119,45,34,34
1/13/2020,maharashtra,146,94,42,26,33
1/14/2020,maharashtra,92,90,49,27,32
1/15/2020,maharashtra,87,85,46,28,32
1/16/2020,maharashtra,83,78,38,31,30
1/17/2020,maharashtra,77,121,45,33,33
1/18/2020,maharashtra,151,128,50,40,35
1/19/2020,maharashtra,170,123,47,42,35
1/20/2020,maharashtra,155,121,52,35,35
1/21/2020,maharashtra,155,89,48,34,35
1/22/2020,maharashtra,87,113,31,44,35
1/23/2020,maharashtra,128,101,35,33,33
1/24/2020,maharashtra,118,84,47,37,34
1/25/2020,maharashtra,84,84,54,49,39
1/26/2020,maharashtra,84,81,48,36,38
1/27/2020,maharashtra,80,75,36,26,35
1/28/2020,maharashtra,74,66,33,22,34
1/29/2020,maharashtra,65,96,51,29,33
1/30/2020,maharashtra,96,123,54,36,35
1/31/2020,maharashtra,158,132,52,39,31
10/1/2019,maharashtra,31,33,40,19,31
10/2/2019,maharashtra,34,45,48,29,32
10/3/2019,maharashtra,45,45,39,33,33
10/4/2019,maharashtra,46,37,43,27,32
10/5/2019,maharashtra,38,51,51,36,30
10/6/2019,maharashtra,51,52,53,42,32
10/7/2019,maharashtra,52,63,43,44,36
10/8/2019,maharashtra,63,50,43,40,30
10/9/2019,maharashtra,50,47,46,41,30
10/10/2019,maharashtra,48,55,42,43,32
10/11/2019,maharashtra,54,73,45,42,33
10/12/2019,maharashtra,75,105,45,36,33
10/13/2019,maharashtra,125,58,35,37,33
10/14/2019,maharashtra,57,85,36,50,49
10/15/2019,maharashtra,83,86,37,48,32
10/16/2019,maharashtra,84,98,41,41,41
10/17/2019,maharashtra,94,86,28,46,39
10/18/2019,maharashtra,83,43,22,38,32
10/19/2019,maharashtra,44,17,22,30,32
10/20/2019,maharashtra,19,20,29,30,33
10/21/2019,maharashtra,22,24,39,35,32
10/22/2019,maharashtra,26,24,29,25,34
10/23/2019,maharashtra,26,28,28,24,32
10/24/2019,maharashtra,37,57,23,19,32
10/25/2019,maharashtra,70,33,24,31,33
10/26/2019,maharashtra,34,40,32,28,32
10/27/2019,maharashtra,41,74,27,29,34
10/28/2019,maharashtra,72,48,33,33,34
10/29/2019,maharashtra,48,56,34,37,35
10/30/2019,maharashtra,56,34,27,39,34
10/31/2019,maharashtra,35,28,19,37,31
11/1/2019,maharashtra,30,39,33,45,32
11/2/2019,maharashtra,40,53,43,29,34
11/3/2019,maharashtra,52,36,41,36,47
11/4/2019,maharashtra,37,46,44,38,39
11/5/2019,maharashtra,47,50,52,43,32
11/6/2019,maharashtra,50,55,43,36,32
11/7/2019,maharashtra,55,40,32,33,33
11/8/2019,maharashtra,39,35,39,31,36
11/9/2019,maharashtra,36,52,30,31,34
11/10/2019,maharashtra,52,59,29,40,35
11/11/2019,maharashtra,58,59,29,45,35
11/12/2019,maharashtra,58,59,34,54,36
11/13/2019,maharashtra,58,106,21,43,35
11/14/2019,maharashtra,107,107,21,42,35
11/15/2019,maharashtra,109,100,41,54,32
11/16/2019,maharashtra,104,96,48,64,31
11/17/2019,maharashtra,101,103,48,55,36
11/18/2019,maharashtra,106,135,63,36,36
11/19/2019,maharashtra,195,138,53,49,35
11/20/2019,maharashtra,199,134,46,48,33
11/21/2019,maharashtra,188,119,47,42,33
11/22/2019,maharashtra,146,123,44,40,34
11/23/2019,maharashtra,157,128,49,37,34
11/24/2019,maharashtra,171,121,38,50,37
11/25/2019,maharashtra,150,120,41,46,36
11/26/2019,maharashtra,144,109,38,44,37
11/27/2019,maharashtra,118,115,44,36,34
11/28/2019,maharashtra,133,114,44,48,35
11/29/2019,maharashtra,131,117,24,50,33
11/30/2019,maharashtra,138, , , , 
12/2/2019,maharashtra,105,70,26,35,35
12/3/2019,maharashtra,70,64,30,43,36
12/4/2019,maharashtra,63,97,37,57,37
12/5/2019,maharashtra,96,111,47,59,34
12/6/2019,maharashtra,123,107,52,54,35
12/7/2019,maharashtra,111,114,58,50,37
12/8/2019,maharashtra,132,102,48,51,35
12/9/2019,maharashtra,104,104,48,49,35
12/10/2019,maharashtra,105,107,48,48,38
12/11/2019,maharashtra,111,106,53,49,38
12/12/2019,maharashtra,108,95,49,43,37
12/13/2019,maharashtra,93,95,54,44,35
12/14/2019,maharashtra,94,109,59,48,36
12/15/2019,maharashtra,118,114,56,47,44
12/16/2019,maharashtra,131,113,45,40,40
12/17/2019,maharashtra,129,97,49,34,40
12/18/2019,maharashtra,94,114,40,29,37
12/19/2019,maharashtra,130,129,44,34,35
12/20/2019,maharashtra,175,136,37,39,36
12/21/2019,maharashtra,195,127,30,41,35
12/22/2019,maharashtra,167,119,37,45,36
12/23/2019,maharashtra,145,142,46,42,39
12/24/2019,maharashtra,210,127,53,40,37
12/25/2019,maharashtra,167,114,43,40,37
12/26/2019,maharashtra,132,102,40,32,38
12/27/2019,maharashtra,101,110,33,35,36
12/28/2019,maharashtra,121,97,50,40,37
12/29/2019,maharashtra,94, , , , 
7/1/2019,maharashtra,13,10,46,28,35
7/2/2019,maharashtra,11,26,49,27,33
7/3/2019,maharashtra,19,69,34,25,33
7/4/2019,maharashtra,21,77,58,25,32
7/5/2019,maharashtra,25,54,57,25,32
7/6/2019,maharashtra,28,54,57,27,32
7/7/2019,maharashtra,28,54,57,27,32
7/8/2019,maharashtra,28,54,57,27,32
7/9/2019,maharashtra,28,54,57,27,32
7/10/2019,maharashtra,28,54,57,27,32
7/11/2019,maharashtra,28,54,57,27,32
7/12/2019,maharashtra,28,54,57,27,32
7/13/2019,maharashtra,28,54,57,27,32
7/14/2019,maharashtra,28,54,57,27,32
7/15/2019,maharashtra,28,54,57,24,32
7/16/2019,maharashtra,28,54,57,21,32
7/17/2019,maharashtra,28,54,57,21,32
7/18/2019,maharashtra,28,54,57,21,32
7/19/2019,maharashtra,28,54,57,21,32
7/20/2019,maharashtra,28,54,57,21,32
7/21/2019,maharashtra,28,54,57,21,32
7/22/2019,maharashtra,28,54,57,21,32
7/23/2019,maharashtra,28,54,57,21,32
7/24/2019,maharashtra,28,54,57,21,32
7/25/2019,maharashtra,28,54,57,21,32
7/26/2019,maharashtra,28,28,53,41,28
7/27/2019,maharashtra,21,18,51,23,27
7/28/2019,maharashtra,15,28,52,21,26
7/29/2019,maharashtra,20,21,46,20,29
7/30/2019,maharashtra,16,11,43,20,29
7/31/2019,maharashtra,11,14,46,20,31
8/1/2019,maharashtra,13,11,42,19,29
8/2/2019,maharashtra,11,8,44,18,31
8/3/2019,maharashtra,9,5,48,18,29
8/4/2019,maharashtra,8,11,47,18,28
8/5/2019,maharashtra,11,11,44,17,29
8/6/2019,maharashtra,11,19,47,16,29
8/7/2019,maharashtra,15,29,50,18,29
8/8/2019,maharashtra,20,32,50,20,29
8/9/2019,maharashtra,29,28,50,18,29
8/10/2019,maharashtra,69,25,46,16,32
8/11/2019,maharashtra,21,30,47,15,31
8/12/2019,maharashtra,21,47,50,15,43
8/13/2019,maharashtra,37,35,48,17,29
8/14/2019,maharashtra,41,45,40,22,28
8/15/2019,maharashtra,53,34,46,20,30
8/16/2019,maharashtra,39,33,43,14,29
8/17/2019,maharashtra,38,33,42,12,29
8/18/2019,maharashtra,37,39,44,16,29
8/19/2019,maharashtra,44,47,46,19,29
8/20/2019,maharashtra,53,47,39,17,30
8/21/2019,maharashtra,54,36,41,19,29
8/22/2019,maharashtra,42,36,31,18,30
8/23/2019,maharashtra,41,40,34,18,30
8/24/2019,maharashtra,31,29,38,20,30
8/25/2019,maharashtra,20,27,36,22,29
8/26/2019,maharashtra,19,38,33,21,29
8/27/2019,maharashtra,24,48,33,15,29
8/28/2019,maharashtra,29,61,36,13,29
8/29/2019,maharashtra,43,37,36,13,31
8/30/2019,maharashtra,44,23,35,14,31
8/31/2019,maharashtra,25,22,34,14,31
9/1/2019,maharashtra,24,22,32,14,29
9/2/2019,maharashtra,24,27,33,15,29
9/3/2019,maharashtra,30,31,31,17,30
9/4/2019,maharashtra,34,22,35,19,34
9/5/2019,maharashtra,23,27,33,24,33
9/6/2019,maharashtra,27,25,35,26,51
9/7/2019,maharashtra,21,39,37,17,47
9/8/2019,maharashtra,26,23,32,19,31
9/9/2019,maharashtra,18,23,33,19,31
9/10/2019,maharashtra,18,30,33,20,39
9/11/2019,maharashtra,22,49,30,17,42
9/12/2019,maharashtra,33,44,31,17,30
9/13/2019,maharashtra,33,31,34,16,32
9/14/2019,maharashtra,22,53,39,15,32
9/15/2019,maharashtra,32,29,37,18,33
9/16/2019,maharashtra,18,39,32,17,31
9/17/2019,maharashtra,24,48,43,16,31
9/18/2019,maharashtra,29,48,45,25,31
9/19/2019,maharashtra,29,57,34,23,30
9/20/2019,maharashtra,35,83,37,29,29
9/21/2019,maharashtra,52,58,36,31,30
9/22/2019,maharashtra,51,45,36,24,32
9/23/2019,maharashtra,45,48,37,27,29
9/24/2019,maharashtra,49,49,37,28,47
9/25/2019,maharashtra,49,44,37,33,35
9/26/2019,maharashtra,45,40,29,36,33
9/27/2019,maharashtra,41,17,25,27,33
9/28/2019,maharashtra,22,25,26,17,33
9/29/2019,maharashtra,28,27,24,14,32
9/30/2019,maharashtra,29,30,26,15,31
4/1/2019,maharashtra,72,67,56,41,68
4/2/2019,maharashtra,68,65,67,42,72
4/3/2019,maharashtra,66,75,69,46,79
4/4/2019,maharashtra,75,76,59,43,49
4/5/2019,maharashtra,76,69,58,39,48
4/6/2019,maharashtra,69,65,63,38,63
4/7/2019,maharashtra,66,59,69,37,56
4/8/2019,maharashtra,60,65,88,39,53
4/9/2019,maharashtra,65,63,71,38,57
4/10/2019,maharashtra,64,65,70,39,61
4/11/2019,maharashtra,65,65,77,40,66
4/12/2019,maharashtra,66,72,64,42,52
4/13/2019,maharashtra,73,63,83,50,54
4/14/2019,maharashtra,61,45,68,51,73
4/15/2019,maharashtra,47,51,81,48,65
4/16/2019,maharashtra,53,56,53,41,44
4/17/2019,maharashtra,57,56,65,39,39
4/18/2019,maharashtra,57,62,65,42,49
4/19/2019,maharashtra,63,65,66,42,56
4/20/2019,maharashtra,65,64,58,40,45
4/21/2019,maharashtra,64,51,58,37,46
4/22/2019,maharashtra,53,44,61,41,42
4/23/2019,maharashtra,46,38,62,40,43
4/24/2019,maharashtra,41,56,73,37,46
4/25/2019,maharashtra,58,98,64,37,56
4/26/2019,maharashtra,96,92,57,38,52
4/27/2019,maharashtra,91,76,69,35,51
4/28/2019,maharashtra,75,72,68,32,50
4/29/2019,maharashtra,72,66,57,31,41
4/30/2019,maharashtra,66,71,49,33,44
5/1/2019,maharashtra,71,64,54,30,30
5/2/2019,maharashtra,65,71,50,28,30
5/3/2019,maharashtra,71,79,44,27,30
5/4/2019,maharashtra,79,63,56,26,32
5/5/2019,maharashtra,64,51,59,27,32
5/6/2019,maharashtra,52,58,63,29,32
5/7/2019,maharashtra,59,51,77,26,32
5/8/2019,maharashtra,52,39,54,24,32
5/9/2019,maharashtra,42,32,56,25,32
5/10/2019,maharashtra,35,32,51,26,31
5/11/2019,maharashtra,35,20,74,27,31
5/12/2019,maharashtra,24,18,56,27,32
5/13/2019,maharashtra,22,18,57,27,30
5/14/2019,maharashtra,23,19,59,30,30
5/15/2019,maharashtra,23,20,61,27,30
5/16/2019,maharashtra,24,24,56,28,32
5/17/2019,maharashtra,28,32,46,28,32
5/18/2019,maharashtra,32,46,48,28,32
5/19/2019,maharashtra,30,39,56,28,32
5/20/2019,maharashtra,25,34,69,28,32
5/21/2019,maharashtra,22,39,67,26,35
5/22/2019,maharashtra,25,41,66,27,32
5/23/2019,maharashtra,26,36,75,25,32
5/24/2019,maharashtra,24,43,120,26,31
5/25/2019,maharashtra,27,30,64,26,30
5/26/2019,maharashtra,20,23,67,24,32
5/27/2019,maharashtra,17,40,92,25,32
5/28/2019,maharashtra,25,115,60,24,32
5/29/2019,maharashtra,66,111,67,25,32
5/30/2019,maharashtra,63,100,64,27,32
5/31/2019,maharashtra,55,89,49,27,31
6/1/2019,maharashtra,49,84,39,28,31
6/2/2019,maharashtra,46,84,39,29,31
6/3/2019,maharashtra,46,84,39,29,31
6/4/2019,maharashtra,46,89,39,29,31
6/5/2019,maharashtra,49,89,39,29,31
6/6/2019,maharashtra,49,89,51,29,31
6/7/2019,maharashtra,49,89,61,30,32
6/8/2019,maharashtra,49,89,61,32,32
6/9/2019,maharashtra,49,89,111,29,34
6/10/2019,maharashtra,49,44,54,34,35
6/11/2019,maharashtra,28,44,37,32,36
6/12/2019,maharashtra,28,27,38,31,34
6/13/2019,maharashtra,19,28,39,30,35
6/14/2019,maharashtra,20,68,36,27,38
6/15/2019,maharashtra,42,57,69,27,34
6/16/2019,maharashtra,34,66,42,28,33
6/17/2019,maharashtra,38,52,53,28,35
6/18/2019,maharashtra,31,45,61,28,34
6/19/2019,maharashtra,28,62,38,28,35
6/20/2019,maharashtra,36,80,45,28,34
6/21/2019,maharashtra,45,77,46,28,35
6/22/2019,maharashtra,44,77,46,29,35
6/23/2019,maharashtra,44,77,42,27,34
6/24/2019,maharashtra,43,63,48,27,33
6/25/2019,maharashtra,37,57,43,28,35
6/26/2019,maharashtra,34,30,43,27,36
6/27/2019,maharashtra,21,23,48,28,35
6/28/2019,maharashtra,17,12,43,28,33
6/29/2019,maharashtra,11,19,40,26,33
6/30/2019,maharashtra,15,15,46,26,34
1/1/2019,maharashtra,224,177,32,104,85
1/2/2019,maharashtra,310,160,30,113,101
1/3/2019,maharashtra,264,150,34,110,75
1/4/2019,maharashtra,237,167,48,114,64
1/5/2019,maharashtra,283,161,47,105,80
1/6/2019,maharashtra,267,143,29,103,112
1/7/2019,maharashtra,219,177,30,111,104
1/8/2019,maharashtra,298,179,33,115,95
1/9/2019,maharashtra,304,166,36,114,96
1/10/2019,maharashtra,283,171,47,112,96
1/11/2019,maharashtra,294,171,41,108,87
1/12/2019,maharashtra,292,148,72,101,81
1/13/2019,maharashtra,232,143,32,101,90
1/14/2019,maharashtra,216,169,61,109,84
1/15/2019,maharashtra,290,147,29,111,103
1/16/2019,maharashtra,226,124,36,108,99
1/17/2019,maharashtra,160,120,33,109,95
1/18/2019,maharashtra,150,139,46,109,93
1/19/2019,maharashtra,200,134,31,103,86
1/20/2019,maharashtra,187,118,18,101,77
1/21/2019,maharashtra,144,104,31,103,78
1/22/2019,maharashtra,120,72,29,86,94
1/23/2019,maharashtra,72,84,42,88,104
1/24/2019,maharashtra,83,104,43,88,108
1/25/2019,maharashtra,106,101,27,86,112
1/26/2019,maharashtra,100,77,26,88,92
1/27/2019,maharashtra,76,64,27,89,100
1/28/2019,maharashtra,65,74,28,95,106
1/29/2019,maharashtra,74,109,35,101,75
1/30/2019,maharashtra,123,85,32,98,104
1/31/2019,maharashtra,86,78,62,93,91
2/1/2019,maharashtra,83,78,49,84,76
2/2/2019,maharashtra,83,78,38,81,88
2/3/2019,maharashtra,83,115,24,87,95
2/4/2019,maharashtra,112,109,41,92,112
2/5/2019,maharashtra,106,88,40,86,100
2/6/2019,maharashtra,86,70,41,84,97
2/7/2019,maharashtra,69,71,35,64,53
2/8/2019,maharashtra,71,112,27,65,41
2/9/2019,maharashtra,134,132,30,84,59
2/10/2019,maharashtra,183,135,40,89,65
2/11/2019,maharashtra,191,113,47,85,70
2/12/2019,maharashtra,131,107,49,82,91
2/13/2019,maharashtra,114,92,54,76,63
2/14/2019,maharashtra,90,74,71,70,81
2/15/2019,maharashtra,73,72,69,65,81
2/16/2019,maharashtra,72,92,79,65,84
2/17/2019,maharashtra,90,90,84,63,84
2/18/2019,maharashtra,88,100,94,68,80
2/19/2019,maharashtra,102,114,80,74,83
2/20/2019,maharashtra,133,81,89,70,94
2/21/2019,maharashtra,80,78,75,69,92
2/22/2019,maharashtra,77,90,70,66,83
2/23/2019,maharashtra,89,83,66,60,96
2/24/2019,maharashtra,82,78,56,52,90
2/25/2019,maharashtra,78,73,47,49,92
2/26/2019,maharashtra,72,81,45,47,93
2/27/2019,maharashtra,80,77,58,47,89
2/28/2019,maharashtra,77,71,61,48,110
3/1/2019,maharashtra,71,109,66,65,99
3/2/2019,maharashtra,117,76,62,51,95
3/3/2019,maharashtra,77,47,64,43,90
3/4/2019,maharashtra,49,69,52,41,96
3/5/2019,maharashtra,69,75,60,40,88
3/6/2019,maharashtra,75,71,64,43,95
3/7/2019,maharashtra,71,74,76,47,86
3/8/2019,maharashtra,74,90,70,48,80
3/9/2019,maharashtra,88,102,70,46,75
3/10/2019,maharashtra,102,89,53,42,72
3/11/2019,maharashtra,87,92,56,43,82
3/12/2019,maharashtra,91,86,58,44,60
3/13/2019,maharashtra,85,76,60,42,89
3/14/2019,maharashtra,76,81,69,43,57
3/15/2019,maharashtra,80,94,72,49,47
3/16/2019,maharashtra,92,79,76,47,55
3/17/2019,maharashtra,79,71,98,43,74
3/18/2019,maharashtra,71,82,70,45,73
3/19/2019,maharashtra,81,80,75,43,72
3/20/2019,maharashtra,79,72,60,40,54
3/21/2019,maharashtra,72,57,51,37,51
3/22/2019,maharashtra,59,62,70,41,57
3/23/2019,maharashtra,62,87,72,45,235
3/24/2019,maharashtra,86,105,73,48,142
3/25/2019,maharashtra,111,101,69,48,92
3/26/2019,maharashtra,102,89,69,47,76
3/27/2019,maharashtra,88,78,75,44,78
3/28/2019,maharashtra,78,83,84,46,64
3/29/2019,maharashtra,129,87,79,47,58
3/30/2019,maharashtra,87,85,68,43,82
3/31/2019,maharashtra,83,72,62,39,83
10/1/2018,maharashtra,57,55,60,28,88
10/2/2018,maharashtra,57,49,63,28,85
10/3/2018,maharashtra,51,48,62,27,65
10/4/2018,maharashtra,51,48,41,27,55
10/5/2018,maharashtra,51,63,41,27,68
10/6/2018,maharashtra,64,78,44,28,81
10/7/2018,maharashtra,78,75,51,29,65
10/8/2018,maharashtra,75,79,52,27,48
10/9/2018,maharashtra,79,88,72,26,57
10/10/2018,maharashtra,88,97,104,28,71
10/11/2018,maharashtra,96,90,58,33,58
10/12/2018,maharashtra,89,86,56,30,62
10/13/2018,maharashtra,86,88,55,28,57
10/14/2018,maharashtra,88,89,54,28,46
10/15/2018,maharashtra,89,96,57,43,64
10/16/2018,maharashtra,95,91,67,92,93
10/17/2018,maharashtra,90,70,48,97,98
10/18/2018,maharashtra,71,42,61,21,48
10/19/2018,maharashtra,45,44,66,21,50
10/20/2018,maharashtra,46,60,64,21,67
10/21/2018,maharashtra,61,73,70,26,97
10/22/2018,maharashtra,73,74,62,41,47
10/23/2018,maharashtra,74,74,66,45,73
10/24/2018,maharashtra,74,83,47,28,95
10/25/2018,maharashtra,77,97,47,30,95
10/26/2018,maharashtra,77,100,25,28,31
10/27/2018,maharashtra,99,101,25,28,31
10/28/2018,maharashtra,100,80,45,27,41
10/29/2018,maharashtra,80,74,45,27,49
10/30/2018,maharashtra,74,93,36,27,56
10/31/2018,maharashtra,92,94,50,26,48
11/1/2018,maharashtra,94,82,56,15,50
11/2/2018,maharashtra,82,81,56,10,73
11/3/2018,maharashtra,81,62,67,10,97
11/4/2018,maharashtra,59,46,74,10,50
11/5/2018,maharashtra,36,42,75,89,107
11/6/2018,maharashtra,41,76,72,90,47
11/7/2018,maharashtra,77,118,88,89,23
11/8/2018,maharashtra,156,87,128,87,23
11/9/2018,maharashtra,99,71,86,87,28
11/10/2018,maharashtra,72,71,82,88,53
11/11/2018,maharashtra,72,79,83,90,41
11/12/2018,maharashtra,79,82,76,94,23
11/13/2018,maharashtra,82,78,71,96,26
11/14/2018,maharashtra,78,89,58,99,58
11/15/2018,maharashtra,89,95,28,98,73
11/16/2018,maharashtra,97,100,55,97,71
11/17/2018,maharashtra,105,95,70,95,68
11/18/2018,maharashtra,96,86,64,92,61
11/19/2018,maharashtra,88,68,49,93,81
11/20/2018,maharashtra,71,58,49,97,106
11/21/2018,maharashtra,61,69,44,98,67
11/22/2018,maharashtra,72,76,39,101,122
11/23/2018,maharashtra,78,91,51,103,114
11/24/2018,maharashtra,94,94,60,102,62
11/25/2018,maharashtra,97,98,60,99,90
11/26/2018,maharashtra,100,98,49,102,561
11/27/2018,maharashtra,100,127,36,102,45
11/28/2018,maharashtra,174,130,18,87,61
11/29/2018,maharashtra,182,123,41,82,58
11/30/2018,maharashtra,161,119,44,72,60
12/1/2018,maharashtra,150,113,51,66,55
12/2/2018,maharashtra,141,112,45,65,62
12/3/2018,maharashtra,137,103,30,68,51
12/4/2018,maharashtra,111,104,37,86,96
12/5/2018,maharashtra,113,117,43,95,92
12/6/2018,maharashtra,133,113,50,97,100
12/7/2018,maharashtra,121,108,43,104,133
12/8/2018,maharashtra,105,102,36,109,125
12/9/2018,maharashtra,89,88,39,95,92
12/10/2018,maharashtra,77,117,46,98,81
12/11/2018,maharashtra,130,118,60,99,74
12/12/2018,maharashtra,100,115,38,89,71
12/13/2018,maharashtra,116,125,20,94,83
12/14/2018,maharashtra,241,112,80,107,82
12/15/2018,maharashtra,152,119,26,108,67
12/16/2018,maharashtra,296,128,22,106,73
12/17/2018,maharashtra,275,148,41,109,89
12/18/2018,maharashtra,235,101,12,106,84
12/19/2018,maharashtra,121,59,18,104,85
12/20/2018,maharashtra,61,1,35,105,93
12/21/2018,maharashtra,7,1,32,94,85
12/22/2018,maharashtra,7,1,33,100,99
12/23/2018,maharashtra,7,52,46,99,97
12/24/2018,maharashtra,87,121,44,95,81
12/25/2018,maharashtra,194,98,47,90,82
12/26/2018,maharashtra,134,88,32,90,91
12/27/2018,maharashtra,103,105,23,101,87
12/28/2018,maharashtra,139,132,13,105,106
12/29/2018,maharashtra,209,133,13,105,105
12/30/2018,maharashtra,210, , , , 
7/1/2018,maharashtra,24,29,41,36,34
7/2/2018,maharashtra,22,23,93,37,47
7/3/2018,maharashtra,17,24,127,37,61
7/4/2018,maharashtra,18,19,85,38,65
7/5/2018,maharashtra,14,20,93,38,45
7/6/2018,maharashtra,15,29,44,36,48
7/7/2018,maharashtra,22,4,45,37,50
7/8/2018,maharashtra,3,4,40,37,41
7/9/2018,maharashtra,3,18,43,37,46
7/10/2018,maharashtra,13,24,47,37,71
7/11/2018,maharashtra,18,27,47,28,61
7/12/2018,maharashtra,20,26,38,24,52
7/13/2018,maharashtra,19,26,38,24,53
7/14/2018,maharashtra,19,22,42,21,66
7/15/2018,maharashtra,16,15,39,21,92
7/16/2018,maharashtra,11,16,34,21,105
7/17/2018,maharashtra,9,19,40,21,32
7/18/2018,maharashtra,14,20,46,32,31
7/19/2018,maharashtra,15,22,46,27,48
7/20/2018,maharashtra,16,19,45,22,53
7/21/2018,maharashtra,14,16,36,24,29
7/22/2018,maharashtra,12,16,36,24,29
7/23/2018,maharashtra,12,28,41,23,37
7/24/2018,maharashtra,21,31,41,23,39
7/25/2018,maharashtra,23,34,42,24,44
7/26/2018,maharashtra,26,29,43,25,52
7/27/2018,maharashtra,23,26,44,30,53
7/28/2018,maharashtra,20,32,45,24,50
7/29/2018,maharashtra,24,37,46,22,71
7/30/2018,maharashtra,28,40,42,22,76
7/31/2018,maharashtra,30,48,44,22,48
8/1/2018,maharashtra,36,52,45,23,45
8/2/2018,maharashtra,39,39,42,23,52
8/3/2018,maharashtra,29,26,40,23,76
8/4/2018,maharashtra,20,25,41,23,64
8/5/2018,maharashtra,18,32,42,24,43
8/6/2018,maharashtra,24,30,42,25,49
8/7/2018,maharashtra,23,26,43,24,55
8/8/2018,maharashtra,20,26,44,24,63
8/9/2018,maharashtra,19,25,44,24,68
8/10/2018,maharashtra,18,24,43,24,80
8/11/2018,maharashtra,18,28,43,24,66
8/12/2018,maharashtra,21,24,43,24,66
8/13/2018,maharashtra,18,28,40,33,78
8/14/2018,maharashtra,21,37,40,33,78
8/15/2018,maharashtra,28,20,42,27,44
8/16/2018,maharashtra,15,39,54,32,52
8/17/2018,maharashtra,33,35,44,75,56
8/18/2018,maharashtra,26,16,43,58,50
8/19/2018,maharashtra,12,17,42,22,49
8/20/2018,maharashtra,15,19,36,22,56
8/21/2018,maharashtra,16,28,36,22,87
8/22/2018,maharashtra,18,27,36,22,85
8/23/2018,maharashtra,19,33,37,25,58
8/24/2018,maharashtra,31,25,33,28,84
8/25/2018,maharashtra,28,18,33,28,80
8/26/2018,maharashtra,22,23,36,27,51
8/27/2018,maharashtra,27,24,35,28,50
8/28/2018,maharashtra,28,29,32,27,61
8/29/2018,maharashtra,32,30,32,26,71
8/30/2018,maharashtra,33,31,38,28,54
8/31/2018,maharashtra,34,32,50,28,50
9/1/2018,maharashtra,35,27,44,27,70
9/2/2018,maharashtra,31,15,37,27,83
9/3/2018,maharashtra,20,19,30,27,63
9/4/2018,maharashtra,23,24,32,27,44
9/5/2018,maharashtra,28,29,44,28,70
9/6/2018,maharashtra,32,33,45,28,75
9/7/2018,maharashtra,36,30,42,27,68
9/8/2018,maharashtra,33,30,42,28,94
9/9/2018,maharashtra,33,30,42,28,94
9/10/2018,maharashtra,33,37,40,30,121
9/11/2018,maharashtra,40,39,40,31,128
9/12/2018,maharashtra,42,39,40,31,128
9/13/2018,maharashtra,42,26,36,29,128
9/14/2018,maharashtra,30,26,36,28,128
9/15/2018,maharashtra,30,26,36,28,128
9/16/2018,maharashtra,30,25,47,30,73
9/17/2018,maharashtra,28,26,47,30,83
9/18/2018,maharashtra,29,41,36,30,71
9/19/2018,maharashtra,44,44,41,29,64
9/20/2018,maharashtra,48,42,61,28,54
9/21/2018,maharashtra,53,53,62,27,43
9/22/2018,maharashtra,57,56,51,28,38
9/23/2018,maharashtra,58,39,50,28,73
9/24/2018,maharashtra,42,44,52,28,43
9/25/2018,maharashtra,46,50,62,27,59
9/26/2018,maharashtra,52,66,66,27,82
9/27/2018,maharashtra,67,61,52,27,76
9/28/2018,maharashtra,63,51,58,28,87
9/29/2018,maharashtra,53,53,44,26,52
9/30/2018,maharashtra,55,56,47,26,42
4/1/2018,maharashtra,73,88,56,26,39
4/2/2018,maharashtra,81,92,72,19,36
4/3/2018,maharashtra,86,96,72,32,31
4/4/2018,maharashtra,185,91,20,27,38
4/5/2018,maharashtra,119,96,82,37,36
4/6/2018,maharashtra,81,110,80,63,28
4/7/2018,maharashtra,95,125,79,71,28
4/8/2018,maharashtra,130,135,76,73,31
4/9/2018,maharashtra,151,104,17,58,33
4/10/2018,maharashtra,88,102,32,53,31
4/11/2018,maharashtra,86,98,31,50,31
4/12/2018,maharashtra,82,99, ,53, 
4/13/2018,maharashtra,82,101, ,53, 
4/14/2018,maharashtra,84, , , , 
4/19/2018,maharashtra,71,91,40,28,34
4/20/2018,maharashtra,76, , , , 
4/23/2018,maharashtra,70,92,69,42,32
4/24/2018,maharashtra,76,89,87,39,31
4/25/2018,maharashtra,74,80,94,36,31
4/26/2018,maharashtra,66,73,114,38,34
4/27/2018,maharashtra,60,69,69,38,39
4/28/2018,maharashtra,57,68,64,39,38
4/29/2018,maharashtra,57,62,57,37,35
4/30/2018,maharashtra,53,75,72,34,33
5/1/2018,maharashtra,62,83,83,36,33
5/2/2018,maharashtra,69,72,93, ,32
5/3/2018,maharashtra,59,72,90,41,34
5/4/2018,maharashtra,59,70,71,38,40
5/5/2018,maharashtra,58,76,66,37,37
5/6/2018,maharashtra,63,68,60,36,50
5/7/2018,maharashtra,57,59,71,36,45
5/8/2018,maharashtra,49,71,182,37,29
5/9/2018,maharashtra,57,88,194,40,36
5/10/2018,maharashtra,68,83,110,39,36
5/11/2018,maharashtra,62,74,75,37,32
5/12/2018,maharashtra,58,78,72,37,32
5/13/2018,maharashtra,61,93,81,40,31
5/14/2018,maharashtra,74,78,89,40,33
5/15/2018,maharashtra,61,72,84,39,30
5/16/2018,maharashtra,56,82,130,40,27
5/17/2018,maharashtra,64,81,124,38,31
5/18/2018,maharashtra,63,79,93,38,40
5/19/2018,maharashtra,62,91,164,39,42
5/20/2018,maharashtra,72,93,142,38,37
5/21/2018,maharashtra,73,82,84,38,34
5/22/2018,maharashtra,65,81,147,39,34
5/23/2018,maharashtra,63,84,147,39,33
5/24/2018,maharashtra,67,90,78,39,30
5/25/2018,maharashtra,71,72,78,39,29
5/26/2018,maharashtra,56,69,103,40,30
5/27/2018,maharashtra,54,69,104,39,34
5/28/2018,maharashtra,54,59,137,38,39
5/29/2018,maharashtra,46,53,72,37,39
5/30/2018,maharashtra,41,57,63,38,41
5/31/2018,maharashtra,44,73,87,38,43
6/1/2018,maharashtra,57,78,90,38,26
6/2/2018,maharashtra,61,54,80,38,28
6/3/2018,maharashtra,42,34,80,38,29
6/4/2018,maharashtra,26,45,67,41,27
6/5/2018,maharashtra,35,54,96,41,40
6/6/2018,maharashtra,42,45,71,39,29
6/7/2018,maharashtra,36,37,70,39,28
6/8/2018,maharashtra,28,29,72,39,31
6/9/2018,maharashtra,22,25,66,38,30
6/10/2018,maharashtra,19,40,58,38,31
6/11/2018,maharashtra,30,53,66,37,38
6/12/2018,maharashtra,40,63,122,37,37
6/13/2018,maharashtra,47,65,128,39,32
6/14/2018,maharashtra,48,57,51,42,31
6/15/2018,maharashtra,43,46,49,40,26
6/16/2018,maharashtra,34,39,49,54,27
6/17/2018,maharashtra,29,28,52,49,39
6/18/2018,maharashtra,20,19,55,45,40
6/19/2018,maharashtra,14,27,58,47,32
6/20/2018,maharashtra,20,53,60,42,27
6/21/2018,maharashtra,39,39,51,38,46
6/22/2018,maharashtra,29,26,45,36,76
6/23/2018,maharashtra,19,22,45,36,55
6/24/2018,maharashtra,16,15,45,37,49
6/25/2018,maharashtra,11,22,44,37,66
6/26/2018,maharashtra,17,32,47,36,60
6/27/2018,maharashtra,24,38,48,36,52
6/28/2018,maharashtra,29,28,37,37,62
6/29/2018,maharashtra,21,30,48,38,64
6/30/2018,maharashtra,22,32,45,36,46
1/1/2018,maharashtra,94,106,70,27,53
1/2/2018,maharashtra,89,111,72,27,61
1/3/2018,maharashtra,90,120,71,29,56
1/4/2018,maharashtra,99,129,86,28,54
1/5/2018,maharashtra,119,120,69,28,43
1/6/2018,maharashtra,99,111,61,27,21
1/7/2018,maharashtra,87,102,65,27,34
1/8/2018,maharashtra,78,103,63,28,55
1/9/2018,maharashtra,83,140,51,28,41
1/10/2018,maharashtra,123,137,52,28,44
1/11/2018,maharashtra,137,124,56,29,40
1/12/2018,maharashtra,110,114,58,29,35
1/13/2018,maharashtra,93, ,46,29,37
1/15/2018,maharashtra,170,143,66,29,74
1/16/2018,maharashtra,177,122,67,27,83
1/17/2018,maharashtra,136,97,68,28,94
1/18/2018,maharashtra,88,100,61,28,101
1/19/2018,maharashtra,92,113,65,28,102
1/20/2018,maharashtra,114,124,66, ,93
1/21/2018,maharashtra,143,123,91,27,49
1/22/2018,maharashtra,142,104,98,27,33
1/23/2018,maharashtra,106,81,100,27,25
1/24/2018,maharashtra,169,101,63,25,26
1/25/2018,maharashtra,201,135,79,28,19
1/26/2018,maharashtra,203,117,95,28,39
1/27/2018,maharashtra,142,118,98,28,70
1/28/2018,maharashtra,145,124,76,28,92
1/29/2018,maharashtra,163,144,70,28,73
1/30/2018,maharashtra,221,154,56, ,53
1/31/2018,maharashtra,246,148,46,14,47
2/1/2018,maharashtra,227,134,41,14,33
2/2/2018,maharashtra,189,124,26, ,43
2/3/2018,maharashtra,163,132,21,15,51
2/4/2018,maharashtra,183,141,29,14,49
2/5/2018,maharashtra,209,137,33,14,55
2/6/2018,maharashtra,198,128,32, ,55
2/7/2018,maharashtra,175,102,34, ,48
2/8/2018,maharashtra,114,95,35, ,27
2/9/2018,maharashtra,95,102,33, ,24
2/10/2018,maharashtra,101,101,33, ,32
2/11/2018,maharashtra,99,64,28, ,36
2/12/2018,maharashtra,64,76,30, ,43
2/13/2018,maharashtra,75,82,32, ,43
2/14/2018,maharashtra,101,81,29, ,51
2/15/2018,maharashtra,101,98,32, ,44
2/16/2018,maharashtra,109,104,38, ,44
2/17/2018,maharashtra,113,95,38, ,47
2/18/2018,maharashtra,93,88,30,12,58
2/19/2018,maharashtra,80,104,30,14,44
2/20/2018,maharashtra,113,120,42, ,35
2/21/2018,maharashtra,141,121,46, ,36
2/22/2018,maharashtra,150,123,52, ,39
2/23/2018,maharashtra,139,114,50, ,43
2/24/2018,maharashtra,134,119,39, ,47
2/25/2018,maharashtra,146,123,46, ,44
2/26/2018,maharashtra,161,125,32, ,43
2/27/2018,maharashtra,138,121,44, ,42
2/28/2018,maharashtra,119,114,42, ,43
3/1/2018,maharashtra,132,118,35, ,45
3/2/2018,maharashtra,140,125,37, ,44
3/3/2018,maharashtra,156,123,27, ,36
3/4/2018,maharashtra,150,123,45, ,32
3/5/2018,maharashtra,148, ,59, ,45
3/7/2018,maharashtra,156,110,58,13,51
3/8/2018,maharashtra,119,102,55,14,45
3/9/2018,maharashtra,101,110,43, ,45
3/10/2018,maharashtra,114,116,43,7,38
3/11/2018,maharashtra,128,109,52,9,34
3/12/2018,maharashtra,112,116,40,14,37
3/13/2018,maharashtra,129,125,42, ,43
3/14/2018,maharashtra,154, ,53,13,40
3/16/2018,maharashtra,76,96,53,14,40
3/17/2018,maharashtra,93,114,59,13,36
3/18/2018,maharashtra,122,96,61,13,37
3/19/2018,maharashtra,98,83,52,14,44
3/20/2018,maharashtra,78,72,44, ,47
3/21/2018,maharashtra,67,67,46, ,48
3/22/2018,maharashtra,62,83,58, ,42
3/23/2018,maharashtra,78,100,54,25,42
3/24/2018,maharashtra,96,109,62,25,45
3/25/2018,maharashtra,111,116,55,26,44
3/26/2018,maharashtra,131,117,50,28,41
3/27/2018,maharashtra,134,98,54,26,44
3/28/2018,maharashtra,100,77,50,27,48
3/29/2018,maharashtra,72,76,54,28,47
3/30/2018,maharashtra,71,82,46,22,53
3/31/2018,maharashtra,76,81,64,17,45
10/1/2017,maharashtra,54,67,52,26, 
10/2/2017,maharashtra,53,77,61,30,17
10/3/2017,maharashtra,60,86,71,28,24
10/4/2017,maharashtra,67,118,74,27,28
10/5/2017,maharashtra,119,102,55,28,28
10/6/2017,maharashtra,120,59,55,28,25
10/7/2017,maharashtra,58,47,38,29,24
10/8/2017,maharashtra,36,39,55,29,24
10/9/2017,maharashtra,29,41,56,29,22
10/10/2017,maharashtra,31,48,61,28,29
10/11/2017,maharashtra,36,43,104,28,53
10/12/2017,maharashtra,33,34,110,28,51
10/13/2017,maharashtra,27,33,79,27,33
10/14/2017,maharashtra,26,43,71,27,28
10/15/2017,maharashtra,33,50,96,27,15
10/16/2017,maharashtra,39,64,96,29,24
10/17/2017,maharashtra,51,80,73,28,27
10/18/2017,maharashtra,67,95,102,30,29
10/19/2017,maharashtra,72,139,113,30,34
10/20/2017,maharashtra,132,134,169,29,44
10/21/2017,maharashtra,134,99,169,30,57
10/22/2017,maharashtra,79,87,146,29,59
10/23/2017,maharashtra,66,91,158,29,63
10/24/2017,maharashtra,68,94,158,30,62
10/25/2017,maharashtra,71,113,31,30,61
10/26/2017,maharashtra,92,113,49,29,58
10/27/2017,maharashtra,93,105,49,29,55
10/28/2017,maharashtra,84,100,50,30,57
10/29/2017,maharashtra,78,109,42,29,58
10/30/2017,maharashtra,87,118,43,29,60
10/31/2017,maharashtra,97,125,45,29,58
11/1/2017,maharashtra,108,132,42,29,55
11/2/2017,maharashtra,125,132,38,28,59
11/3/2017,maharashtra,125, , , , 
11/6/2017,maharashtra,82,116,42,30,59
11/7/2017,maharashtra,97,121,42,29,65
11/8/2017,maharashtra,105,115,47,28,60
11/9/2017,maharashtra,94,113,50,29,60
11/10/2017,maharashtra,91,121,51,29,61
11/11/2017,maharashtra,105,137,62,31,72
11/12/2017,maharashtra,137,131,64,31,77
11/13/2017,maharashtra,122,123,65,30,71
11/14/2017,maharashtra,104,123,68,32,68
11/15/2017,maharashtra,100,125,66,31,71
11/16/2017,maharashtra,108,120,76,31,73
11/17/2017,maharashtra,105,109,79,26,69
11/18/2017,maharashtra,87, ,52,28,68
11/20/2017,maharashtra,71,79,41,30,67
11/21/2017,maharashtra,62,86,38,30,68
11/22/2017,maharashtra,66,103,53,28,89
11/23/2017,maharashtra,78,96,68,30,71
11/24/2017,maharashtra,73,97,73,29,69
11/25/2017,maharashtra,75,134,53,28,66
11/26/2017,maharashtra,174,150,48,30,66
11/27/2017,maharashtra,209,123,32,30,68
11/28/2017,maharashtra,108,119,48,29,71
11/29/2017,maharashtra,99,126,48,30,71
11/30/2017,maharashtra,112,134,28,31,73
12/1/2017,maharashtra,131,123,41,30,67
12/2/2017,maharashtra,112,110,68,28,30
12/3/2017,maharashtra,88,102,70,28,36
12/4/2017,maharashtra,79,93,47,27,63
12/5/2017,maharashtra,72,89,56,27,54
12/6/2017,maharashtra,69, ,70,29,53
12/12/2017,maharashtra,51,63,71,29,108
12/13/2017,maharashtra,48,74,46,29,69
12/14/2017,maharashtra,57,80,70,28,77
12/15/2017,maharashtra,61,102,80,28,80
12/16/2017,maharashtra,81,113,51,28,76
12/17/2017,maharashtra,91,98,48,28,61
12/18/2017,maharashtra,77,101,47,29,53
12/19/2017,maharashtra,80,107,43,29,55
12/20/2017,maharashtra,86,111,47,28,73
12/21/2017,maharashtra,89,133,52,28,42
12/22/2017,maharashtra,134,144,52,29,55
12/23/2017,maharashtra,155,135,71,29,62
12/24/2017,maharashtra,133,126,75,28,58
12/25/2017,maharashtra,112,131,41,28,56
12/26/2017,maharashtra,113,136,40,29,56
12/27/2017,maharashtra,126,139,54,29,46
12/28/2017,maharashtra,127,135,56,28,60
12/29/2017,maharashtra,121,129,60,28,65
12/30/2017,maharashtra,118, , , , 
7/1/2017,maharashtra,26,35,32,27,26
7/2/2017,maharashtra,27,32,27,27,9
7/3/2017,maharashtra,25,42,26,28,18
7/4/2017,maharashtra,33,43,26,27,11
7/5/2017,maharashtra,34,50,27,28,22
7/6/2017,maharashtra,39,54,26,29,17
7/7/2017,maharashtra,42,54,27,27,12
7/8/2017,maharashtra,42,55,27,28,17
7/9/2017,maharashtra,43,47,25,29,20
7/10/2017,maharashtra,38,46,25,29,21
7/11/2017,maharashtra,36,47,42,28,22
7/12/2017,maharashtra,37,50,85,29,13
7/13/2017,maharashtra,40,45,75,29,19
7/14/2017,maharashtra,35,39,22,27,40
7/15/2017,maharashtra,31,41,16,27,61
7/16/2017,maharashtra,32,32,23,28,3
7/17/2017,maharashtra,23,29,19,29,12
7/18/2017,maharashtra,21,23,20,28,32
7/19/2017,maharashtra,17,21,16,28,26
7/20/2017,maharashtra,16,23,80,27,30
7/21/2017,maharashtra,18,25,80,29,38
7/22/2017,maharashtra,20, , , , 
7/24/2017,maharashtra,29,44,76,28,42
7/25/2017,maharashtra,34,50,80,29,43
7/26/2017,maharashtra,39,43,62,27,27
7/27/2017,maharashtra,34,34,62,27,25
7/28/2017,maharashtra,26,31,46,29,25
7/29/2017,maharashtra,25, , , , 
7/31/2017,maharashtra,24,30,33,27,61
8/1/2017,maharashtra,23,31,27,28,43
8/2/2017,maharashtra,24,35,21,28,40
8/3/2017,maharashtra,27,37,20,29,46
8/4/2017,maharashtra,29,47,24,28,37
8/5/2017,maharashtra,37,51,92,27,51
8/6/2017,maharashtra,40,54,93,27,62
8/7/2017,maharashtra,42,52,56,28,65
8/8/2017,maharashtra,40,54,26,28,35
8/9/2017,maharashtra,42,48,177,29,31
8/10/2017,maharashtra,37,42,176,27,42
8/11/2017,maharashtra,33,39,66,26,28
8/12/2017,maharashtra,31,42,60,27,22
8/13/2017,maharashtra,33,42,27,26,32
8/14/2017,maharashtra,32,47,27,26,84
8/15/2017,maharashtra,36,48,25,29,106
8/16/2017,maharashtra,37,56,28,28,50
8/17/2017,maharashtra,42,63,24,27,12
8/18/2017,maharashtra,48,54,24,27,12
8/19/2017,maharashtra,44,31,24,28,12
8/20/2017,maharashtra,25,24,24,28, 
8/21/2017,maharashtra,19,30,29, , 
8/22/2017,maharashtra,24,41,29,27,14
8/23/2017,maharashtra,34,40,25,27,15
8/24/2017,maharashtra,32,35,25,29,14
8/25/2017,maharashtra,27,24,24,26,13
8/26/2017,maharashtra,19,22,32,27,12
8/27/2017,maharashtra,17,23,32,26,12
8/28/2017,maharashtra,18,20,31,26,83
8/29/2017,maharashtra,16,21,32,28,51
8/30/2017,maharashtra,17,43,58,29,27
8/31/2017,maharashtra,34,61,44,35,20
9/1/2017,maharashtra,47,47,25,32,26
9/2/2017,maharashtra,36,42,26,28,31
9/3/2017,maharashtra,32,44,26,29,30
9/4/2017,maharashtra,34,54,25,27,27
9/5/2017,maharashtra,42,63,23,27,25
9/6/2017,maharashtra,49, , , , 
9/11/2017,maharashtra,36,45,11,29,35
9/12/2017,maharashtra,34,45,48,27,32
9/13/2017,maharashtra,34,32,48,27,48
9/14/2017,maharashtra,24,37, ,26,46
9/15/2017,maharashtra,29,38, ,27,44
9/16/2017,maharashtra,30,36, ,27,42
9/17/2017,maharashtra,28,34, ,27,43
9/18/2017,maharashtra,26,32,19,28,44
9/19/2017,maharashtra,25,26,34,27,42
9/20/2017,maharashtra,20,43,36,29,65
9/21/2017,maharashtra,36,53,29,29,69
9/22/2017,maharashtra,43,83,64,27,31
9/23/2017,maharashtra,66,75,64,28,23
9/24/2017,maharashtra,59,55,62,28,24
9/25/2017,maharashtra,43,66,66,27,32
9/26/2017,maharashtra,51,73,89,26,21
9/27/2017,maharashtra,56,85,77,26,14
9/28/2017,maharashtra,65,81,56,27,16
9/29/2017,maharashtra,64,86,60,28,15
9/30/2017,maharashtra,87,68,52,25,12
4/1/2017,maharashtra,90,110,65, , 
4/2/2017,maharashtra,89,98,90, ,36
4/3/2017,maharashtra,75,102,92, ,35
4/4/2017,maharashtra,79,94,74,28,35
4/5/2017,maharashtra,73,99,130,27,41
4/6/2017,maharashtra,76,102,142,28,48
4/7/2017,maharashtra,79,115,93,28,53
4/8/2017,maharashtra,97,128,120,28,52
4/9/2017,maharashtra,118,129,131,28,51
4/10/2017,maharashtra,118,137,104,28,51
4/11/2017,maharashtra,137,134,100,29,53
4/12/2017,maharashtra,131,114,116, ,51
4/13/2017,maharashtra,96,105,104, ,48
4/14/2017,maharashtra,82,103,92,26,45
4/15/2017,maharashtra,80,105,126,29,43
4/16/2017,maharashtra,83,102,142,28,55
4/17/2017,maharashtra,80,110,196,26,40
4/18/2017,maharashtra,88,107,151,27,45
4/19/2017,maharashtra,85,95,82,28,50
4/20/2017,maharashtra,74,88,86,26,44
4/21/2017,maharashtra,68,79,228,27,51
4/22/2017,maharashtra,61,84,179,28,52
4/23/2017,maharashtra,65,88,68,28,53
4/24/2017,maharashtra,67,92,75, ,55
4/25/2017,maharashtra,71,105,144,28,52
4/26/2017,maharashtra,82,103,69,27,53
4/27/2017,maharashtra,81,98,45,28,53
4/28/2017,maharashtra,76,90,49,28,57
4/29/2017,maharashtra,69,92,72,27,54
4/30/2017,maharashtra,71,104,62,27,54
5/1/2017,maharashtra,81,111,46,27,55
5/2/2017,maharashtra,90,110,48,27,45
5/3/2017,maharashtra,88,105,45,29,50
5/4/2017,maharashtra,83,107,50,27,51
5/5/2017,maharashtra,85,101,51, ,51
5/6/2017,maharashtra,79,90,39,28,47
5/7/2017,maharashtra,69,84,44,28,51
5/8/2017,maharashtra,65,87,55,27,51
5/9/2017,maharashtra,61,85,71,28,48
5/10/2017,maharashtra,54,77,62,28,47
5/11/2017,maharashtra,58,80,36,28,52
5/12/2017,maharashtra,61,75,45,28,49
5/13/2017,maharashtra,57,74,48,27,47
5/14/2017,maharashtra,57,67,49,28,44
5/15/2017,maharashtra,52,58,44,28,48
5/16/2017,maharashtra,45,64,46,27,52
5/17/2017,maharashtra,49,65,44,27,52
5/18/2017,maharashtra,52,64,40,27,51
5/19/2017,maharashtra,50,64,37,27,55
5/20/2017,maharashtra,50,55,36,29,53
5/21/2017,maharashtra,43,51,26,29,56
5/22/2017,maharashtra,40,50,27,27,68
5/23/2017,maharashtra,39,67,37,26,71
5/24/2017,maharashtra,53,79,37,26,53
5/25/2017,maharashtra,61,71,37,27,46
5/26/2017,maharashtra,54,69,37,28,43
5/27/2017,maharashtra,52,74,34,28,46
5/28/2017,maharashtra,57,49,33,28,56
5/29/2017,maharashtra,39,52,33,27,112
5/30/2017,maharashtra,45,41,28,27,87
5/31/2017,maharashtra,33,49,39,28,55
6/1/2017,maharashtra,38,57,36,27,63
6/2/2017,maharashtra,45,42,37,27,62
6/3/2017,maharashtra,34,35,42,28,55
6/4/2017,maharashtra,27,52,32,28,52
6/5/2017,maharashtra,40,113,31,27,52
6/6/2017,maharashtra,231,90,33,27,55
6/7/2017,maharashtra,173,40,36,27,90
6/8/2017,maharashtra,31,36,32,29,99
6/9/2017,maharashtra,28,40,50,28,85
6/10/2017,maharashtra,31,33,68,28,54
6/11/2017,maharashtra,26,27,34,28,62
6/12/2017,maharashtra,21,26,42,27,53
6/13/2017,maharashtra,21,28,38,28,51
6/14/2017,maharashtra,21,32,58,28,59
6/15/2017,maharashtra,25,28,68,28,49
6/16/2017,maharashtra,22,29,48,29,57
6/17/2017,maharashtra,23,31,48,28,59
6/18/2017,maharashtra,24,32,31,28,61
6/19/2017,maharashtra,25,31,30,29,50
6/20/2017,maharashtra,24,34,26,28,52
6/21/2017,maharashtra,26,39,27,28,61
6/22/2017,maharashtra,30,44,27,29,68
6/23/2017,maharashtra,34,41,24,28,52
6/24/2017,maharashtra,32,40,24,28,56
6/25/2017,maharashtra,31,26,22,29,46
6/26/2017,maharashtra,20,27,22,28,49
6/27/2017,maharashtra,21,32,24,28,68
6/28/2017,maharashtra,25,32,49,29,59
6/29/2017,maharashtra,25,31,41,29,51
6/30/2017,maharashtra,24,34,35,28,52
1/2/2017,maharashtra,136,138,35,26,71
1/3/2017,maharashtra,144,146,39,26,95
1/4/2017,maharashtra,163,146,49,26,101
1/5/2017,maharashtra,161,135,52,25,93
1/6/2017,maharashtra,136,119,46,26,83
1/7/2017,maharashtra,105,107,46,24,57
1/8/2017,maharashtra,88,103,46,24,44
1/9/2017,maharashtra,83,107,84,24,52
1/10/2017,maharashtra,87,116,83,25,54
1/11/2017,maharashtra,99,126,88,26,69
1/12/2017,maharashtra,117,140,90,26,100
1/13/2017,maharashtra,149,154,74,25,86
1/14/2017,maharashtra,182,136,86,24,40
1/15/2017,maharashtra,142,123,87,24,3
1/16/2017,maharashtra,110,124,90,24,55
1/17/2017,maharashtra,112,127,90,24,89
1/18/2017,maharashtra,119,134,85,25,80
1/19/2017,maharashtra,135,138,89,27,94
1/20/2017,maharashtra,144,148,85,25,109
1/21/2017,maharashtra,166,127,85,24,106
1/22/2017,maharashtra,125,120,85,25,111
1/23/2017,maharashtra,105,129,66,26,111
1/24/2017,maharashtra,124,143,83,27,115
1/25/2017,maharashtra,156,150,85,25,120
1/26/2017,maharashtra,172,126,85,26,91
1/27/2017,maharashtra,122,57,76,28,36
1/28/2017,maharashtra,49,85,76,26,37
1/29/2017,maharashtra,90,136,64,26,61
1/30/2017,maharashtra,140,126,62,26,57
1/31/2017,maharashtra,116,125,85,26,54
2/1/2017,maharashtra,112,134,85,26,57
2/2/2017,maharashtra,134,138,47,25,57
2/3/2017,maharashtra,143,128,96,27,51
2/4/2017,maharashtra,120,119,96,29,49
2/5/2017,maharashtra,100, , , , 
2/7/2017,maharashtra,132,130,64,25,48
2/8/2017,maharashtra,126,126,28,26,46
2/9/2017,maharashtra,115,127,88,25,48
2/10/2017,maharashtra,120,121,88,25,50
2/11/2017,maharashtra,136,116,74,26,50
2/12/2017,maharashtra,143,132,40,25,54
2/13/2017,maharashtra,187,127,53,25,51
2/14/2017,maharashtra,174,131,54,26,56
2/15/2017,maharashtra,184,136,38,26,59
2/16/2017,maharashtra,198,139,46,27,51
2/17/2017,maharashtra,208,146,42, ,50
2/18/2017,maharashtra,224,127,44,24,64
2/19/2017,maharashtra,173,116,44,24,57
2/20/2017,maharashtra,141,102,45,25,50
2/21/2017,maharashtra,106,98,46,26,49
2/22/2017,maharashtra,98,124,39,24,54
2/23/2017,maharashtra,164,122,40,24,52
2/24/2017,maharashtra,161,126,35,25,62
2/25/2017,maharashtra,172,131,40,24,64
2/26/2017,maharashtra,185,126,45,24,64
2/27/2017,maharashtra,171,125,78,25,70
2/28/2017,maharashtra,169,130,46,24,67
3/1/2017,maharashtra,183,124,71,23,84
3/2/2017,maharashtra,164,124,55,22,69
3/3/2017,maharashtra,140,128,26, ,46
3/4/2017,maharashtra,137,109,19,21,47
3/5/2017,maharashtra,94,121,33,20,47
3/6/2017,maharashtra,120,109,32,22,41
3/7/2017,maharashtra,102,105,53,21,40
3/8/2017,maharashtra,90,104,47,21,38
3/9/2017,maharashtra,89,94,38, ,35
3/10/2017,maharashtra,78,90,21,22,30
3/11/2017,maharashtra,74,99,16,22,32
3/12/2017,maharashtra,84,143,22,22,43
3/13/2017,maharashtra,179,146,25,22,46
3/14/2017,maharashtra,184,132,64,20,48
3/15/2017,maharashtra,148,118,34,21,41
3/16/2017,maharashtra,118,92,21,21,35
3/17/2017,maharashtra,76,101,30,22,35
3/18/2017,maharashtra,87,112,30,22,36
3/19/2017,maharashtra,99, , ,26, 
3/21/2017,maharashtra,140,108,38,28,103
3/22/2017,maharashtra,124,116,36,27,68
3/23/2017,maharashtra,149,126,40,27,35
3/24/2017,maharashtra,168,121,58,28,35
3/25/2017,maharashtra,122,119,61,27,34
3/26/2017,maharashtra,99,122,45,27,34
3/27/2017,maharashtra,105,121,45,28,35
3/28/2017,maharashtra,103,115,42,28,34
3/29/2017,maharashtra,93,113,52,28,32
3/30/2017,maharashtra,91,114,74,28,32
3/31/2017,maharashtra,93,111,75,29,35
10/1/2016,maharashtra,45,30,34,19, 
10/2/2016,maharashtra,28,26,33,21, 
10/3/2016,maharashtra,24,23,28,20, 
10/4/2016,maharashtra,22,26,27,20, 
10/5/2016,maharashtra,25,32,20,19, 
10/6/2016,maharashtra,30,35,26,19, 
10/7/2016,maharashtra,33,33,20,20, 
10/8/2016,maharashtra,32,33,30,19, 
10/9/2016,maharashtra,30,34,32,18, 
10/10/2016,maharashtra,31,37,22,14, 
10/11/2016,maharashtra,35,75,16,17, 
10/12/2016,maharashtra,73,85,20,21, 
10/13/2016,maharashtra,84,96,27, , 
10/14/2016,maharashtra,94,94,26, , 
10/15/2016,maharashtra,92,87,22, , 
10/16/2016,maharashtra,85,88,22,19, 
10/17/2016,maharashtra,87,95,26,19,54
10/18/2016,maharashtra,93,102,26,19,53
10/19/2016,maharashtra,103,99,24,18,52
10/20/2016,maharashtra,99,96,23,19,52
10/21/2016,maharashtra,94,100,22,19,53
10/22/2016,maharashtra,98,102,22,18,56
10/23/2016,maharashtra,100,108,17,18, 
10/24/2016,maharashtra,117,108,17,20, 
10/25/2016,maharashtra,118,92,19,20, 
10/26/2016,maharashtra,90,101,19,19, 
10/27/2016,maharashtra,106,113,47,19,44
10/28/2016,maharashtra,129,127,47, ,43
10/29/2016,maharashtra,168,122,45,21,41
10/30/2016,maharashtra,153,120,45,21,43
10/31/2016,maharashtra,148,116,38,40,70
11/1/2016,maharashtra,137,101,35,41,83
11/2/2016,maharashtra,100,107,40,43,95
11/3/2016,maharashtra,116,112,34,42,98
11/4/2016,maharashtra,126,103,48,40,94
11/5/2016,maharashtra,106,96,39,39,91
11/6/2016,maharashtra,94,100,29,39,84
11/7/2016,maharashtra,99,118,31,38,87
11/8/2016,maharashtra,142,125,48,38,95
11/9/2016,maharashtra,162,115,44,40,101
11/10/2016,maharashtra,136,125,44,42,102
11/11/2016,maharashtra,162,135,44,41,108
11/12/2016,maharashtra,192,144,38,39,111
11/13/2016,maharashtra,216,153,29,40,111
11/14/2016,maharashtra,239,146,36,40,95
11/15/2016,maharashtra,221,140,36,39,64
11/16/2016,maharashtra,203,138,47,40,54
11/17/2016,maharashtra,200,131,43,39,65
11/18/2016,maharashtra,180,143,44,41,89
11/19/2016,maharashtra,214,150,47,40,99
11/20/2016,maharashtra,231,143,47,41,99
11/21/2016,maharashtra,212,147,47,38,68
11/22/2016,maharashtra,192,147,32,33,42
11/23/2016,maharashtra,166,145,46,33,40
11/24/2016,maharashtra,160,145,46,32,39
11/25/2016,maharashtra,161,150,44,32,39
11/26/2016,maharashtra,171,136,36,33,39
11/27/2016,maharashtra,140,129,34,33,42
11/28/2016,maharashtra,123,136,33,32,39
11/29/2016,maharashtra,141,135,40,33,30
11/30/2016,maharashtra,139,142,38,33,18
12/1/2016,maharashtra,153,156,41,32,20
12/2/2016,maharashtra,186,148,38,31,17
12/3/2016,maharashtra,168,116,54,32,8
12/4/2016,maharashtra,103,107,43,33,7
12/5/2016,maharashtra,88,115,53,34,20
12/6/2016,maharashtra,97,116,57,34,30
12/7/2016,maharashtra,98,131,50,44,41
12/8/2016,maharashtra,131,135,51,63,47
12/9/2016,maharashtra,138,135,42,35,50
12/10/2016,maharashtra,137,139,35,40,52
12/11/2016,maharashtra,145, , , , 
12/13/2016,maharashtra,175,136,50,31, 
12/14/2016,maharashtra,138,103,46,27,52
12/15/2016,maharashtra,92,105,50,24,62
12/16/2016,maharashtra,91,134,58,23,71
12/17/2016,maharashtra,135,140,51,25,77
12/18/2016,maharashtra,149,118,47,25,96
12/19/2016,maharashtra,109,131,55,24,107
12/20/2016,maharashtra,138,101,68,25,118
12/21/2016,maharashtra,107,103,68,25,107
12/22/2016,maharashtra,104,139,49,25,53
12/23/2016,maharashtra,145,135,65,24,59
12/24/2016,maharashtra,137,136,66,25,87
12/25/2016,maharashtra,139,136,64,27,75
12/26/2016,maharashtra,139,152,67,25,72
12/27/2016,maharashtra,175,150,55,25,92
12/28/2016,maharashtra,173,153,51,25,94
12/29/2016,maharashtra,176,172,52,27,100
12/30/2016,maharashtra,220,161,66,25,105
12/31/2016,maharashtra,196,145,63,25,94
1/1/2017,maharashtra,159,135,29,26,76
7/1/2016,maharashtra,15,33,26,248, 
7/2/2016,maharashtra,15,30,24,15, 
7/3/2016,maharashtra,17,27,37,14, 
7/4/2016,maharashtra,20,33,35,12, 
7/5/2016,maharashtra,22,43,24,9, 
7/6/2016,maharashtra,27,49,24,7, 
7/7/2016,maharashtra,30,48,28, , 
7/8/2016,maharashtra,30,47,28, , 
7/9/2016,maharashtra,30, , , , 
7/12/2016,maharashtra,513,337,60,17, 
7/13/2016,maharashtra,512, , ,16, 
7/18/2016,maharashtra,25,34,43,17, 
7/19/2016,maharashtra,23,36,48,15, 
7/20/2016,maharashtra,24,40,48,15, 
7/21/2016,maharashtra,27,46,52,17, 
7/22/2016,maharashtra,29,45,52,14, 
7/23/2016,maharashtra,29,46,36,16, 
7/24/2016,maharashtra,28,49,45,14, 
7/25/2016,maharashtra,30,45,46,14, 
7/26/2016,maharashtra,28,44,38, , 
7/27/2016,maharashtra,28,42,49, , 
7/28/2016,maharashtra,25,38,48,14, 
7/29/2016,maharashtra,25,37,24,14, 
7/30/2016,maharashtra,25,38,24,16, 
8/1/2016,maharashtra,22,33,22,15, 
8/2/2016,maharashtra,22,36,20,15, 
8/3/2016,maharashtra,23,33,25,14, 
8/4/2016,maharashtra,22,38,26,12, 
8/5/2016,maharashtra,25,41,22,13, 
8/6/2016,maharashtra,26,40,22,16, 
8/7/2016,maharashtra,27,40,22,13, 
8/8/2016,maharashtra,27,42,22,13, 
8/9/2016,maharashtra,28,42,26,14, 
8/10/2016,maharashtra,27,38,26,16, 
8/11/2016,maharashtra,25,40,23,16, 
8/12/2016,maharashtra,25,48,22,15, 
8/13/2016,maharashtra,30,50,22,16, 
8/14/2016,maharashtra,30,53,20,16, 
8/15/2016,maharashtra,32,46,21,16, 
8/16/2016,maharashtra,29,43,22,19, 
8/17/2016,maharashtra,27,41,22,16, 
8/18/2016,maharashtra,26,43,24,14, 
8/19/2016,maharashtra,27,49,22, , 
8/20/2016,maharashtra,31,49,22,16, 
8/21/2016,maharashtra,31,49,20,13, 
8/22/2016,maharashtra,30,42,24,14, 
8/23/2016,maharashtra,27,41,24,15, 
8/24/2016,maharashtra,26,46,22,18, 
8/25/2016,maharashtra,29,47,22,21, 
8/26/2016,maharashtra,29,37,28,19, 
8/27/2016,maharashtra,24,30,28,20, 
8/28/2016,maharashtra,20,28,24,19, 
8/29/2016,maharashtra,20,32,24,20, 
8/30/2016,maharashtra,23,36,24,18, 
8/31/2016,maharashtra,24,39,24,20, 
9/1/2016,maharashtra,25,36,22,21, 
9/2/2016,maharashtra,23,36,20,21, 
9/3/2016,maharashtra,23, , , , 
9/5/2016,maharashtra,35,66,34,20, 
9/6/2016,maharashtra,39,77,26,19, 
9/7/2016,maharashtra,45,44,23,19, 
9/8/2016,maharashtra,27,54,28,21, 
9/9/2016,maharashtra,33,57,24,19, 
9/10/2016,maharashtra,34,52,24,19, 
9/11/2016,maharashtra,32,46,22,20, 
9/12/2016,maharashtra,28,44,23,19, 
9/13/2016,maharashtra,28,44,24, , 
9/14/2016,maharashtra,27,40,24,18, 
9/15/2016,maharashtra,25,32,22,19, 
9/16/2016,maharashtra,22,31,22,20, 
9/17/2016,maharashtra,22,29,17,19, 
9/18/2016,maharashtra,20,27,20, , 
9/19/2016,maharashtra,19,30,18, , 
9/20/2016,maharashtra,21,30,22, , 
9/21/2016,maharashtra,21,28,18, , 
9/22/2016,maharashtra,19,24,22, , 
9/23/2016,maharashtra,14,47,22,16, 
9/24/2016,maharashtra,40,90,20,17, 
9/25/2016,maharashtra,153,52,16,17, 
9/26/2016,maharashtra,183,62,23,19, 
9/27/2016,maharashtra,61,86,24,21, 
9/28/2016,maharashtra,85,75,22,20, 
9/29/2016,maharashtra,73,47,19,19, 
9/30/2016,maharashtra,45,47,36,19, 
4/1/2016,maharashtra,132,105,29,19, 
4/2/2016,maharashtra,95,110,40, , 
4/3/2016,maharashtra,102,105,42,18, 
4/4/2016,maharashtra,94,118,42,19,104
4/5/2016,maharashtra,112,109,33,17,89
4/6/2016,maharashtra,96,104,46,19,59
4/7/2016,maharashtra,103,99,37, , 
4/8/2016,maharashtra,99,102,46, , 
4/9/2016,maharashtra,110,112,48, , 
4/10/2016,maharashtra,129,108,30, , 
4/11/2016,maharashtra,117,108,38, , 
4/12/2016,maharashtra,119,110,42,17, 
4/13/2016,maharashtra,124,104,40,15, 
4/14/2016,maharashtra,105,111,43,12, 
4/15/2016,maharashtra,125,109,44,14, 
4/16/2016,maharashtra,123,94,48,14, 
4/17/2016,maharashtra,94,83,50,15, 
4/18/2016,maharashtra,83,102,56,13, 
4/19/2016,maharashtra,114,119,61,12, 
4/20/2016,maharashtra,150,119,68,12, 
4/21/2016,maharashtra,150,109,73,14, 
4/22/2016,maharashtra,122,87,63,12, 
4/23/2016,maharashtra,86,76,94,12, 
4/24/2016,maharashtra,77,80,97,14, 
4/25/2016,maharashtra,80,82,93,13, 
4/26/2016,maharashtra,82,98,98,14, 
4/27/2016,maharashtra,99,115,98,15, 
4/28/2016,maharashtra,140,114,100,10, 
4/29/2016,maharashtra,140,95,115,7, 
4/30/2016,maharashtra,103,86,116,2, 
5/1/2016,maharashtra,92,78,112,4, 
5/2/2016,maharashtra,85,86,110,7, 
5/3/2016,maharashtra,92,91,102,6, 
5/4/2016,maharashtra,96,88,127,6, 
5/5/2016,maharashtra,94,80,125,6, 
5/6/2016,maharashtra,86,65,114,7, 
5/7/2016,maharashtra,71,75,119, , 
5/8/2016,maharashtra,81,87,104,6, 
5/9/2016,maharashtra,92,84,121,7, 
5/10/2016,maharashtra,90,89,119,7, 
5/11/2016,maharashtra,95,83,125,9, 
5/12/2016,maharashtra,90,66,125,9,115
5/13/2016,maharashtra,72,77,42, ,112
5/14/2016,maharashtra,92,91, , ,113
5/15/2016,maharashtra,114,108,113,6,104
5/16/2016,maharashtra,140,94,135,3,118
5/17/2016,maharashtra,102,89,137,10,111
5/18/2016,maharashtra,96,86,131,15,79
5/19/2016,maharashtra,87,77,123,14,59
5/20/2016,maharashtra,74,64,125, , 
5/21/2016,maharashtra,61,56,90, , 
5/22/2016,maharashtra,53,49,99, , 
5/23/2016,maharashtra,48,43,110, , 
5/24/2016,maharashtra,39,44,120,13, 
5/25/2016,maharashtra,40,44,85,13, 
5/26/2016,maharashtra,43,46,88,13, 
5/27/2016,maharashtra,45, , ,17, 
5/31/2016,maharashtra,47,48, ,26, 
6/1/2016,maharashtra,47, , , , 
6/3/2016,maharashtra,54,60,158,14, 
6/4/2016,maharashtra,58,60,161, , 
6/5/2016,maharashtra,58,52,63, , 
6/6/2016,maharashtra,51,66,58,37, 
6/7/2016,maharashtra,64,59,93,27, 
6/8/2016,maharashtra,58,44,103,14, 
6/9/2016,maharashtra,44,51,163, , 
6/10/2016,maharashtra,51,44,162, , 
6/11/2016,maharashtra,44,36,149, , 
6/12/2016,maharashtra,38,37,173, , 
6/13/2016,maharashtra,38,37,188,21, 
6/14/2016,maharashtra,38,48,115,21, 
6/15/2016,maharashtra,48,61,76,25, 
6/16/2016,maharashtra,59,71,26,31, 
6/17/2016,maharashtra,52,74,26,23,104
6/18/2016,maharashtra,37,73,24,25,104
6/19/2016,maharashtra,37,62,24,28, 
6/20/2016,maharashtra,31,38,24,22, 
6/21/2016,maharashtra,19,30,22,26, 
6/22/2016,maharashtra,15,37,37,25,59
6/23/2016,maharashtra,12,33,44,28,59
6/24/2016,maharashtra,12,28,30,33, 
6/25/2016,maharashtra,12,27,18,33, 
6/26/2016,maharashtra,12,30,46,30, 
6/27/2016,maharashtra,13,41,59,30, 
6/28/2016,maharashtra,18,51,56,33, 
6/29/2016,maharashtra,23,39,42,35, 
6/30/2016,maharashtra,18,33,34,256, 
3/30/2016,maharashtra,99,120,30,17,59
3/31/2016,maharashtra,124,124,30,18, 
4/30/2020,maharashtra, ,57,46,30,56
12/31/2019,maharashtra, ,114,34,31,34
12/1/2019,maharashtra, ,99,27,37,38
12/31/2018,maharashtra, ,142,21,110,81
4/18/2018,maharashtra, ,86,68,28,32
4/22/2018,maharashtra, ,84,78, ,32
12/31/2017,maharashtra, ,113,74,28,25
3/6/2018,maharashtra, ,125,32, ,45
3/15/2018,maharashtra, ,82,53,13,40
11/5/2017,maharashtra, ,105,42,31,55
11/19/2017,maharashtra, ,83,47,29,70
12/11/2017,maharashtra, ,66,74,28,105
7/23/2017,maharashtra, ,38,15,28,44
7/30/2017,maharashtra, ,30,33,26,54
9/10/2017,maharashtra, ,46,11,31,56
2/6/2017,maharashtra, ,133,80,25,47
3/20/2017,maharashtra, ,113,37,30,61
12/12/2016,maharashtra, ,151,40,32, 
7/10/2016,maharashtra, ,49,46, , 
7/11/2016,maharashtra, ,169,56,16, 
7/17/2016,maharashtra, ,39,43,18, 
7/31/2016,maharashtra, ,33,23,14, 
9/4/2016,maharashtra, ,58,34,19, 
5/30/2016,maharashtra, ,48, ,26, 
6/2/2016,maharashtra, ,54,49,15, 
3/29/2016,maharashtra, ,109,26,16,59
4/29/2020,maharashtra, , ,43,36,71
4/15/2018,maharashtra, , ,27,138,51
4/16/2018,maharashtra, , ,82,87,43
4/17/2018,maharashtra, , ,107,36,34
1/14/2018,maharashtra, , ,56,30,64
12/7/2017,maharashtra, , ,74,28,56
12/8/2017,maharashtra, , ,58,30,55
12/9/2017,maharashtra, , ,61,30,56
12/10/2017,maharashtra, , ,59,27,75
5/28/2016,maharashtra, , , ,19, 
